X.log10P,log2FC,feature
1.5016894462104,0.596238376691771,inact.1
2.87667113307365,0.721771088513219,inadur.1
1.40627100129209,0.576205690379099,inadist.1
1.40627100129209,0.61126765665643,smlct.1
1.33684482658723,0.427060075203976,smldur.1
0.686356615444131,0.791749493762878,smldist.1
0.0508971302130862,0.473068802826038,larct.1
0.198767096868713,0.092750941734265,lardur.1
0.00252379170064824,0.123140115465398,lardist.1
0.313906259830001,-0.0627543357923663,inact.2
0.969383587720282,0.194343351729719,inadur.2
0.0473377026687875,0.0900330634979383,inadist.2
0.457447819254674,-0.279311534911049,smlct.2
0.492465708831194,-0.162599220237239,smldur.2
0.847736026116201,-0.0597400007049238,smldist.2
0.580940018538306,-0.370456924680799,larct.2
0.546788415823216,-0.13083271001551,lardur.2
0.411728293157671,-0.0728573662580944,lardist.2
0.541751483107511,-0.099030347965217,inact.3
0.313906259830001,-0.148088886646215,inadur.3
0.132713133473678,-0.024214652563311,inadist.3
0.0725260842101678,0.0307865902209816,smlct.3
0.182161350153393,-0.0714925033857761,smldur.3
1.24412514432751,-0.160131833493856,smldist.3
0.539556133074916,-0.0457476860374915,larct.3
0.402126605421227,0.0389839891584293,lardur.3
0.323640206288496,0.0325099637841812,lardist.3
0.405205560283369,-0.0192744675077763,inact.4
0.151616126420844,-0.0975421341939115,inadur.4
0.343194829233722,0.0197251619872711,inadist.4
0.0219478243745462,0.0523244508347893,smlct.4
0.0872601376088162,0.0628848105582689,smldur.4
0.676956460414564,-0.0110562482555755,smldist.4
0.493929905908159,0.10395766814902,larct.4
0.456378530991802,-0.00629140116411485,lardur.4
0.26643720991018,0.0754543800251677,lardist.4
0.2655110067713,-0.00785057525785971,inact.5
0.127920130664953,0.163007879412473,inadur.5
0.000565435097695256,0.111679800360086,inadist.5
0.216166010212071,0.16817302935041,smlct.5
0.0642253298652565,0.0639859271638576,smldur.5
0.489742031761473,-0.0105702103345005,smldist.5
0.394998323131134,0.0987489555630953,larct.5
0.524791939924618,-0.0287112890358304,lardur.5
0.393071713638141,-0.0277767091725891,lardist.5
0.457447819254674,-0.00778001547836184,inact.6
0.163640928416235,-0.101050124737918,inadur.6
0.382785139496175,-0.0823471192718785,inadist.6
0.156533195501661,0.112801828065828,smlct.6
0.14410041231218,0.0515798967169051,smldur.6
0.935848111915228,0.0286154692136126,smldist.6
0.554999496003029,-0.127632629172308,larct.6
0.431108371924692,-0.00609214800535333,lardur.6
0.315529792494214,-0.0273908205950521,lardist.6
0.419306695296263,-0.0210305527928972,inact.7
0.203484584617341,0.0123227472218413,inadur.7
0.235154216395894,-0.0135093703054312,inadist.7
0.0287633634403245,0.0150915344633725,smlct.7
0.00479561629396423,0.0390662582583732,smldur.7
0.571667972284795,0.0146693823460782,smldist.7
0.457447819254674,0.0246340098722179,larct.7
0.455710037156442,0.0171612092291457,lardur.7
0.313906259830001,0.074383407493452,lardist.7
0.127920130664953,0.180467806190375,inact.8
0.0757077940826412,0.0751995142185947,inadur.8
0.0089187491991842,0.117219390789995,inadist.8
0.0344104889819203,0.168173029350409,smlct.8
0.00821510510454797,0.105120824387171,smldur.8
0.646595836970856,0.0679363085699857,smldist.8
0.676956460414564,-0.399476188838744,larct.8
0.594531963074171,-0.0990815195386869,lardur.8
0.428798022291145,-0.0906928938386495,lardist.8
0.144600016860053,0.17554535089218,inact.9
0.0505329208837437,-0.0680042526658314,inadur.9
0.131035843514929,0.00988759732466634,inadist.9
0.0184834056940131,0.173146696297595,smlct.9
0.0528655785588144,0.0534601011284181,smldur.9
0.601988655177687,0.0829830968392302,smldist.9
0.601988655177687,-0.127632629172308,larct.9
0.524791939924618,-0.0301315686362075,lardur.9
0.452987575002943,-0.0505994217339072,lardist.9
0.296212099386333,-0.0601963269309113,inact.10
0.098662474759313,-0.0496112495112278,inadur.10
0.000499847052114512,0.0453002265814857,inadist.10
0.286789556549371,0.259333876931197,smlct.10
0.201957069044481,0.0869723320330332,smldur.10
0.580963302234258,0.0655462835145261,smldist.10
0.197287373519831,0.211791786351758,larct.10
0.278479270770993,0.107335496243503,lardur.10
0.14410041231218,0.133035887318271,lardist.10
0.512727827836971,-0.151230590426028,inact.11
0.159156803498277,-0.0779206002847654,inadur.11
0.271644008497765,-0.0488400066140251,inadist.11
0.259177496294562,-0.133385746141301,smlct.11
0.162465764178104,-0.121769855495785,smldur.11
1.02417816498774,-0.260512166533458,smldist.11
0.621554903389796,-0.320002701439081,larct.11
0.539792809771295,-0.0296427819689688,lardur.11
0.327703165631616,0.0132450010403521,lardist.11
0.282006758350551,0.0819047035123853,inact.12
0.337407111154401,-0.147986773321372,inadur.12
0.45883124236177,-0.161706605601565,inadist.12
0.0352430145379373,0.0345418407433028,smlct.12
0.202231449552132,0.0138317921022535,smldur.12
1.17069622716898,-0.0792344683411677,smldist.12
0.393071713638141,0.166949193441546,larct.12
0.481448062442233,-0.0291696006428572,lardur.12
0.260730722192984,0.0334325031569076,lardist.12
0.549360631523867,-0.137555627216441,inact.13
0.073497742226099,-0.0315734557388675,inadur.13
0.358007138272855,-0.0269263676831578,inadist.13
0.413396959735863,-0.332289908287203,smlct.13
0.312435119381689,-0.0759327683167452,smldur.13
1.30675836413918,-0.0763581088128883,smldist.13
0.514104820972832,-0.336165181096383,larct.13
0.526600041331022,-0.0752413520665945,lardur.13
0.416467845741802,-0.206682789244817,lardist.13
0.539556133074916,-0.0931441398267365,inact.14
0.0276558076645296,0.0677699280338774,inadur.14
0.0436695322990104,0.101511925355099,inadist.14
0.382785139496175,-0.197706172206421,smlct.14
0.212003261112663,-0.0759327683167449,smldur.14
1.13606020437179,-0.0874709328143642,smldist.14
0.600889242107529,-0.354055781076952,larct.14
0.554999496003029,-0.0975113285925601,lardur.14
0.446734535958195,-0.187987225192403,lardist.14
0.545359273711771,-0.166555283268846,inact.15
0.338608440685625,-0.038783130859868,inadur.15
0.393071713638141,-0.0140741909025837,inadist.15
0.2655110067713,-0.23650486227693,smlct.15
0.491621051549896,-0.241740975459369,smldur.15
1.32852767200201,-0.135136334347789,smldist.15
0.492465708831194,0.0286344899652841,larct.15
0.491621051549896,-0.00629140116411453,lardur.15
0.313906259830001,0.0132450010403521,lardist.15
0.372286682740476,0.103431353762285,inact.16
0.212819433074556,0.0399640028234976,inadur.16
0.0433293201991005,0.10935511143086,inadist.16
0.123437783827647,-0.107461493121699,smlct.16
0.22163230581327,-0.0639820332112598,smldur.16
1.30675836413918,-0.193535681950244,smldist.16
0.539556133074916,-0.211740597507625,larct.16
0.524791939924618,-0.0301315686362075,lardur.16
0.413396959735863,-0.0505994217339072,lardist.16
0.695642060987091,-0.0887994272965995,inact.17
0.242498023302233,-0.0911642077252605,inadur.17
0.452354818765211,-0.026248036935337,inadist.17
0.431995592829586,-0.177147147248954,smlct.17
0.347067947636989,-0.147581226910845,smldur.17
1.35717589001934,-0.338943347362097,smldist.17
0.542195428020401,-0.284652319956205,larct.17
0.457447819254674,-0.00629140116411485,lardur.17
0.372396735701487,-0.164435294153114,lardist.17
0.676956460414564,-0.151230590426028,inact.18
0.429240001409735,-0.157427528163583,inadur.18
0.567136080698604,-0.132586525306913,inadist.18
0.519677416092225,-0.246435054706018,smlct.18
0.431108371924692,-0.21234005985182,smldur.18
1.32852767200201,-0.241567420038958,smldist.18
0.539556133074916,-0.399476188838744,larct.18
0.543848083034369,-0.141045776047146,lardur.18
0.343194829233722,-0.109123021328061,lardist.18
0.356178003030726,0.0740273944734096,inact.19
0.329919560937361,-0.11235796970489,inadur.19
0.327703165631616,-0.0887075539043833,inadist.19
0.196136128770415,-0.132748003175487,smlct.19
0.35107473211589,-0.0883459150204758,smldur.19
1.30675836413918,-0.142536613071089,smldist.19
0.558068938791464,-0.173094604103341,larct.19
0.524195189094947,-0.051788741673334,lardur.19
0.34904356652888,0.0123498820519803,lardist.19
0.796272156857763,-0.172899344136089,inact.20
0.416467845741802,-0.171182446833354,inadur.20
0.431108371924692,-0.123235347116651,inadist.20
0.288917892954471,-0.195358080329997,smlct.20
0.275517978660506,-0.118026663137539,smldur.20
1.32852767200201,-0.165543286712819,smldist.20
0.527045197410601,-0.305328606733544,larct.20
0.543848083034369,-0.121351496064652,lardur.20
0.34904356652888,-0.219110876591911,lardist.20
0.746065845668956,-0.234706576131191,inact.21
0.492291086882446,-0.245648463099278,inadur.21
0.452354818765211,-0.158996771517827,inadist.21
0.349627878834037,-0.261053136256925,smlct.21
0.35143239127042,-0.14582765038646,smldur.21
1.24412514432751,-0.163951745591232,smldist.21
0.562039230787782,-0.134946965769695,larct.21
0.524791939924618,-0.0301315686362075,lardur.21
0.409089370809506,-0.0290024940513515,lardist.21
1.14644634825908,-0.317019218627042,inact.22
0.527045197410601,-0.136048708432958,inadur.22
0.55546428422584,-0.107052199129566,inadist.22
0.501354213093096,-0.0888099029048648,smlct.22
0.484984888116473,-0.0780092411351236,smldur.22
1.33684482658723,-0.143849583343082,smldist.22
0.545359273711771,-0.0508389974343791,larct.22
0.45883124236177,0.0408967811926518,lardur.22
0.358007138272855,0.033913690614709,lardist.22
0.419275588440234,-0.0473221483244034,inact.23
0.202506806171491,-0.0517117712815503,inadur.23
0.401210313898396,-0.0639422817171495,inadist.23
0.0359060396266473,0.109822265286576,smlct.23
0.0568892524678762,0.0506885378806476,smldur.23
0.676956460414564,0.0151992615262478,smldist.23
0.389506841135175,0.232070420939416,larct.23
0.453242817138943,-0.0291696006428569,lardur.23
0.254822055833662,0.0130557449880051,lardist.23
0.551235362049727,-0.090487733080494,inact.24
0.304395273624305,-0.135963337052481,inadur.24
0.538519034627564,-0.173278303591011,inadist.24
0.36143977409645,-0.390396861545627,smlct.24
0.260730722192984,-0.107258824373381,smldur.24
1.14644634825908,-0.107434232772556,smldist.24
0.502567969541914,-0.127632629172308,larct.24
0.554999496003029,-0.0764623785082102,lardur.24
0.428798022291145,-0.0704211215477353,lardist.24
0.551235362049727,-0.0940646227209159,inact.25
0.24736190029722,-0.141096812380324,inadur.25
0.446734535958195,-0.0989709756537362,inadist.25
0.368095623571955,-0.241399686006103,smlct.25
0.514104820972832,-0.211739434163653,smldur.25
1.30675836413918,-0.160858831590137,smldist.25
0.492465708831194,-0.0538347094036539,larct.25
0.453242817138943,-0.00629140116411453,lardur.25
0.255837248479102,-0.00772410648971314,lardist.25
1.11199868380228,-0.265901960288351,inact.26
0.635750222579332,-0.273141017219393,inadur.26
0.669260457649143,-0.235672235903411,inadist.26
0.290024791360892,-0.304026244003436,smlct.26
0.393071713638141,-0.158458147526251,smldur.26
1.27860162447849,-0.147937882029345,smldist.26
0.694393623929993,-0.538585643468604,larct.26
0.536329759204433,-0.0534829494410611,lardur.26
0.416467845741802,-0.0920180492302912,lardist.26
0.381702110301732,0.18390594322852,inact.27
0.332712510875594,-0.11933676110929,inadur.27
0.439277161002119,-0.134807045106098,inadist.27
0.0790646725717127,0.188220239838368,smlct.27
0.0184834056940131,0.054962749827687,smldur.27
0.77768978721694,0.0163828035986295,smldist.27
0.540918722918295,0.0286344899652847,larct.27
0.53714783273309,-0.0296427819689688,lardur.27
0.349627878834037,0.0344089322819078,lardist.27
0.669260457649143,-0.0525939513425007,inact.28
0.35107473211589,-0.0535247606676769,inadur.28
0.441464617800421,-0.0278872950696502,inadist.28
0.00123057201953062,0.0172042168498603,smlct.28
0.122219719903987,-0.0125541579873245,smldur.28
0.95648209573509,-0.0261262767651015,smldist.28
0.551235362049727,-0.134946965769694,larct.28
0.480542556640217,-0.00629140116411485,lardur.28
0.345948269573366,-0.0285820521164172,lardist.28
1.27790619681684,-0.377406410596694,inact.29
0.727501092922183,-0.280314944178471,inadur.29
0.625931639795445,-0.170385768758824,inadist.29
0.447325392457672,-0.284636933198921,smlct.29
0.323822701652281,-0.0899350730736815,smldur.29
1.27790619681684,-0.209473421956092,smldist.29
0.519491816167686,-0.127632629172309,larct.29
0.524791939924618,-0.0301315686362075,lardur.29
0.42660320204459,-0.0505994217339072,lardist.29
0.790484985457369,-0.149677304665328,inact.30
0.727501092922183,-0.272664643230237,inadur.30
0.398751622591491,-0.163096496001325,inadist.30
0.0688195276729732,-0.187113651535324,smlct.30
0.0546792193010489,-0.0503309401499651,smldur.30
0.672679483454546,-0.064731977543975,smldist.30
0.500159418881732,-0.0457476860374918,larct.30
0.473777688536503,-0.0291696006428569,lardur.30
0.331417315954786,0.0329647799970676,lardist.30
1.03178654849592,-0.268724129837519,inact.31
0.554999496003029,-0.311326178264,inadur.31
0.32039699346891,-0.0910518880307476,inadist.31
0.344015974062549,-0.318215310364259,smlct.31
0.189530949161337,-0.119118139667255,smldur.31
1.32852767200201,-0.257641748472011,smldist.31
0.510887522967642,0.0271640364110906,larct.31
0.446526789251577,-0.00619017157570813,lardur.31
0.431108371924692,-0.0894053758683772,lardist.31
1.24412514432751,-0.293236415588475,inact.32
0.750313353018308,-0.238480501749801,inadur.32
0.547575407259189,-0.212803617935887,inadist.32
0.262548227154295,-0.224854672666205,smlct.32
0.140654263063929,-0.0531602777179325,smldur.32
0.931814138253838,-0.0932654505093709,smldist.32
0.676956460414564,-0.509589771840087,larct.32
0.578341544348391,-0.0990815195386865,lardur.32
0.53103474989825,-0.190643132878544,lardist.32
0.433692367115288,0.0201453029178241,inact.33
0.280730855086958,-0.183044205625686,inadur.33
0.275778043189536,-0.0509083104524719,inadist.33
0.244101604693263,-0.215011530580819,smlct.33
0.282006758350551,-0.100653167779788,smldur.33
1.32852767200201,-0.181273657524703,smldist.33
0.493929905908159,-0.0508389974343788,larct.33
0.561373617065124,-0.121351496064652,lardur.33
0.405825811827239,-0.126798710104285,lardist.33
0.629876051340229,-0.0662022484735658,inact.34
0.509075347803145,-0.2339931438209,inadur.34
0.492465708831194,-0.148768530201716,inadist.34
0.456378530991802,-0.401708116524653,smlct.34
0.416467845741802,-0.135606085568897,smldur.34
1.33684482658723,-0.208656366066625,smldist.34
0.546788415823216,-0.121070864221227,larct.34
0.562039230787782,-0.07646237850821,lardur.34
0.416467845741802,-0.0704211215477354,lardist.34
0.580963302234258,-0.143251146057495,inact.35
0.3381552620267,-0.101462967791054,inadur.35
0.491621051549896,-0.167413482194611,inadist.35
0.235154216395894,-0.338140196284232,smlct.35
0.235736605409873,-0.147189606418868,smldur.35
1.32852767200201,-0.309800964060793,smldist.35
0.613268212919597,-0.509589771840087,larct.35
0.578341544348391,-0.164885943519238,lardur.35
0.504276566310074,-0.28295529936617,lardist.35
0.7600442529808,-0.312768841892252,inact.36
0.399651275380014,-0.202667092226454,inadur.36
0.536329759204433,-0.132121828350531,inadist.36
0.669260457649143,-0.544467262798074,smlct.36
0.560759285698191,-0.234838007664892,smldur.36
1.35717589001934,-0.239248066472387,smldist.36
0.894821717792533,-0.604803011823352,larct.36
0.661439414634426,-0.0990815195386869,lardur.36
0.539556133074916,-0.171450125864308,lardist.36
0.736281711505369,-0.155448763342611,inact.37
0.594531963074171,-0.0932357941374471,inadur.37
0.575841286508054,-0.114468706704094,inadist.37
0.492291086882446,-0.31845639898168,smlct.37
0.515741700455817,-0.204202523658609,smldur.37
1.33684482658723,-0.215410244978239,smldist.37
0.727619592204838,-0.443372403485339,larct.37
0.594531963074171,-0.121351496064652,lardur.37
0.546788415823216,-0.35277490176294,lardist.37
1.30675836413918,-0.353630027200033,inact.38
0.546788415823216,-0.225060084565436,inadur.38
0.686735547919007,-0.176270868304702,inadist.38
0.313222243692343,-0.313340148570049,smlct.38
0.381702110301732,-0.13065716027733,smldur.38
1.24412514432751,-0.133628566097004,smldist.38
0.750367762249387,-0.443372403485338,larct.38
0.560759285698191,-0.0534829494410611,lardur.38
0.491621051549896,-0.0920180492302912,lardist.38
0.790484985457369,-0.149677304665328,inact.39
0.643586326120079,-0.177574237899153,inadur.39
0.473777688536503,-0.0766523874023522,inadist.39
0.0812958159396642,0.0174760499213302,smlct.39
0.290827978310932,-0.121362832297233,smldur.39
1.05722365483442,-0.0251332045648956,smldist.39
0.535003634722771,-0.0508389974343786,larct.39
0.492465708831194,-0.00629140116411485,lardur.39
0.416467845741802,-0.0906928938386492,lardist.39
0.621072100874612,0.00615472847127392,inact.40
0.35107473211589,0.0474845294240146,inadur.40
0.139438533438533,0.0359871801067576,inadist.40
0.330666399956377,-0.204363783122488,smlct.40
0.398751622591491,-0.136902499812487,smldur.40
1.32852767200201,-0.182222048370582,smldist.40
0.537562333259045,-0.211740597507625,larct.40
0.546788415823216,-0.0752413520665942,lardur.40
0.3381552620267,-0.0491427339860975,lardist.40
0.909537743542686,-0.128975665922147,inact.41
0.32240414022805,-0.110781594246735,inadur.41
0.727501092922183,-0.13212182835053,inadist.41
0.514104820972832,-0.296213058515512,smlct.41
0.480542556640217,-0.151432658407801,smldur.41
1.33684482658723,-0.221694083776165,smldist.41
0.624551208597522,-0.396270459899278,larct.41
0.549360631523867,-0.07646237850821,lardur.41
0.454663136318033,-0.132280691112571,lardist.41
0.546788415823216,0.036158954607988,inact.42
0.324457807115928,-0.0916097234957358,inadur.42
0.476708623351896,-0.0786867502310848,inadist.42
0.368483807718859,-0.167981474242095,smlct.42
0.315681518664166,-0.104324521049007,smldur.42
1.30675836413918,-0.157880565511285,smldist.42
0.538519034627564,-0.211740597507624,larct.42
0.559403135404666,-0.07646237850821,lardur.42
0.348193426209086,-0.0285820521164176,lardist.42
0.687116942939482,-0.125072662651575,inact.43
0.337407111154401,-0.261868642748336,inadur.43
0.558068938791464,-0.208437464923031,inadist.43
0.556107641599074,-0.480879687861883,smlct.43
0.512727827836971,-0.260350772103047,smldur.43
1.35717589001934,-0.373047468462966,smldist.43
0.596782193746706,-0.572900779582448,larct.43
0.489170113114165,-0.0526222110361177,lardur.43
0.393071713638141,-0.169046205195989,lardist.43
0.900980294173396,-0.14784250369211,inact.44
0.473777688536503,-0.152136852919446,inadur.44
0.4921193814748,-0.0918611225344615,inadist.44
0.263461298494287,-0.241399686006103,smlct.44
0.0546902300259792,-0.0669938061390932,smldur.44
1.00874944115042,-0.186358663706812,smldist.44
0.431108371924692,0.103957668149021,larct.44
0.516236554384642,-0.0526222110361178,lardur.44
0.420033581034919,-0.110683763430015,lardist.44
0.632934880181938,-0.0696783161927939,inact.45
0.394998323131134,-0.158218348275021,inadur.45
0.395544555925433,-0.0668082923788368,inadist.45
0.00821510510454797,-0.00504002494908572,smlct.45
0.0149938470852375,0.0144826665296851,smldur.45
1.05239728535549,-0.157880565511285,smldist.45
0.527045197410601,-0.0457476860374898,larct.45
0.538519034627564,-0.00609214800535365,lardur.45
0.431108371924692,0.0128718212872277,lardist.45
1.23883449760701,-0.21189644525167,inact.46
0.504276566310074,-0.0872473439799455,inadur.46
0.372286682740476,-0.08010407972563,inadist.46
0.240911755665853,-0.0761250909200498,smlct.46
0.35107473211589,-0.0978563861480953,smldur.46
1.3197599359225,-0.125337859593862,smldist.46
0.584707388262762,-0.127632629172308,larct.46
0.492291086882446,-0.00629140116411453,lardur.46
0.402126605421227,0.0928908512636246,lardist.46
0.831321239428774,-0.113372379935881,inact.47
0.672679483454546,-0.154804536808109,inadur.47
0.510887522967642,-0.152653501355392,inadist.47
0.098662474759313,-0.02767686966788,smlct.47
0.0985900711260781,0.0142151018279828,smldur.47
1.14644634825908,-0.0530600233904131,smldist.47
0.624285481217876,-0.301057219916012,larct.47
0.524791939924618,-0.0526222110361177,lardur.47
0.396416870026141,-0.0498604396780558,lardist.47
1.12039110885758,-0.268724129837519,inact.48
0.833861400898767,-0.165070595700653,inadur.48
0.623503259877943,-0.13094150882656,inadist.48
0.323640206288496,-0.175433194410025,smlct.48
0.134734080129901,-0.0657556950359289,smldur.48
1.15709305079806,0.0281009527765148,smldist.48
0.580963302234258,-0.443372403485338,larct.48
0.562039230787782,-0.0990815195386869,lardur.48
0.456378530991802,-0.112289821521205,lardist.48
0.539556133074916,-0.0548145215435981,inact.49
0.31026251215013,-0.0788694604185906,inadur.49
0.313222243692343,-0.0536339200754603,inadist.49
0.0821205578057108,-0.0862993174437396,smlct.49
0.120738933065271,-0.0258849076069617,smldur.49
1.30675836413918,-0.188117751373632,smldist.49
0.538519034627564,-0.320002701439082,larct.49
0.441464617800421,0.0389839891584299,lardur.49
0.35107473211589,0.0703872611726346,lardist.49
0.63425389059517,-0.201023015516295,inact.50
0.344015974062549,-0.14871174084181,inadur.50
0.412390749704419,-0.197813079012243,inadist.50
0.255213079397975,-0.112257113631768,smlct.50
0.282371213964477,-0.106262544909735,smldur.50
1.32737444518052,-0.140238339965818,smldist.50
0.594373162661671,-0.4202731494317,larct.50
0.560759285698191,-0.0990815195386869,lardur.50
0.492824004784886,-0.149853198181753,lardist.50
1.24412514432751,-0.41859105746215,inact.51
0.77768978721694,-0.392131500574959,inadur.51
0.909537743542686,-0.234330785827499,inadist.51
0.196136128770415,-0.215011530580819,smlct.51
0.286004979824982,-0.141889043630685,smldur.51
1.14644634825908,-0.119459783833819,smldist.51
0.672679483454546,-0.443372403485338,larct.51
0.554999496003029,-0.0764623785082102,lardur.51
0.502567969541914,-0.246736105443124,lardist.51
0.77768978721694,-0.171385201485388,inact.52
0.549360631523867,-0.143828429964289,inadur.52
0.246342056292372,-0.0273984082100984,inadist.52
0.360793393414084,-0.224854672666206,smlct.52
0.461051173771466,-0.161432859690532,smldur.52
1.40627100129209,-0.303289432244715,smldist.52
0.623503259877943,-0.604803011823353,larct.52
0.536329759204433,-0.0534829494410611,lardur.52
0.421812772501124,-0.209584152874959,lardist.52
0.746065845668956,-0.112211525422544,inact.53
0.519677416092225,-0.199137827990224,inadur.53
0.500159418881732,-0.104226260334124,inadist.53
0.222934215019969,-0.0957758177150685,smlct.53
0.0975156911907338,0.0416402071050562,smldur.53
1.13606020437179,-0.0535740913713044,smldist.53
0.67043516894105,-0.443372403485338,larct.53
0.527045197410601,-0.0526222110361177,lardur.53
0.411728293157671,-0.0694145062770114,lardist.53
0.412390749704419,0.120339799969902,inact.54
0.0937364411153083,0.0422359533172705,inadur.54
0.34904356652888,-0.0385254839648341,inadist.54
0.0190332714962087,0.163056623491961,smlct.54
0.0993686215745598,-0.0628518188881207,smldur.54
0.847736026116201,-0.113095437439111,smldist.54
0.454663136318033,0.0286344899652841,larct.54
0.422907367913213,0.0174441707993916,lardur.54
0.25246784195596,-0.00772410648971298,lardist.54
0.545359273711771,0.00590290245390166,inact.55
0.201957069044481,-0.108194201683189,inadur.55
0.506010819993042,-0.117522047680917,inadist.55
0.275517978660506,-0.159993862076166,smlct.55
0.148618548765066,-0.012792703581286,smldur.55
1.14531081350543,-0.0807554925939935,smldist.55
0.484984888116473,-0.127632629172308,larct.55
0.491621051549896,-0.0296427819689685,lardur.55
0.350207145482794,-0.0491427339860967,lardist.55
0.538519034627564,-0.0548145215435981,inact.56
0.35143239127042,-0.0969378091455771,inadur.56
0.263461298494287,-0.0753536087044256,inadist.56
0.156533195501661,0.065133916507817,smlct.56
0.11044232465141,0.0281934900123796,smldur.56
0.967130545139545,0.0305748161297792,smldist.56
0.421812772501124,0.195692454025001,larct.56
0.480542556640217,-0.00629140116411453,lardur.56
0.282006758350551,-0.0285820521164172,lardist.56
0.866120950740344,-0.151070640464337,inact.57
0.394998323131134,-0.1227142959511,inadur.57
0.414415522241081,-0.0662147157045144,inadist.57
0.0293670743725058,0.038162375169336,smlct.57
0.0961898861313369,-0.0129154085197524,smldur.57
0.810867795006957,0.0432087582315121,smldist.57
0.674090022392363,-0.509589771840086,larct.57
0.586680738534655,-0.143282924297984,lardur.57
0.491621051549896,-0.209584152874959,lardist.57
0.571667972284795,0.00615472847127392,inact.58
0.251190705015958,-0.0740644770465722,inadur.58
0.0993686215745598,0.0608600371931338,inadist.58
0.147392196691717,-0.0268418115607521,smlct.58
0.344015974062549,-0.0787268744000432,smldur.58
1.09374786255364,-0.221735446381633,smldist.58
0.562039230787782,-0.284652319956206,larct.58
0.532536443697456,-0.0526222110361173,lardur.58
0.413396959735863,-0.0906928938386495,lardist.58
0.596841179562117,-0.114557516899539,inact.59
0.307366473430603,-0.122446904352173,inadur.59
0.425828433617563,-0.128643067200145,inadist.59
0.272853134639679,-0.0636566514682964,smlct.59
0.147945020659176,0.0142151018279831,smldur.59
1.14644634825908,-0.142536613071089,smldist.59
0.38435049817006,0.0940374709929628,larct.59
0.473777688536503,-0.0291696006428572,lardur.59
0.266903308571882,-0.00739995100368597,lardist.59
0.624285481217876,-0.0999938185175722,inact.60
0.227347613682242,-0.170735208939006,inadur.60
0.335049082953412,-0.0926848753546844,inadist.60
0.230604759886677,-0.0942965334980495,smlct.60
0.156533195501661,0.0534601011284178,smldur.60
0.661439414634426,0.0297031761344864,smldist.60
0.623503259877943,-0.301057219916012,larct.60
0.543282313202961,-0.0534829494410611,lardur.60
0.446526789251577,-0.0714573673606115,lardist.60
0.570146826866251,-0.00908673980416785,inact.61
0.300384130617331,-0.0514906260608346,inadur.61
0.260057080963628,-0.0146883025248957,inadist.61
0.119650053004786,-0.0054478531324451,smlct.61
0.212819433074556,-0.0405936908302077,smldur.61
0.929300125549657,-0.0540982189981447,smldist.61
0.539556133074916,-0.143151331812042,larct.61
0.527045197410601,-0.0534829494410611,lardur.61
0.399651275380014,-0.0505994217339072,lardist.61
0.35107473211589,-0.0363271075023836,inact.62
0.14375311697369,-0.0566642644138254,inadur.62
0.063620209452021,0.0100529544513869,inadist.62
0.037889001925239,-0.0455181910653315,smlct.62
0.101428071772764,0.0669151788669365,smldur.62
0.836497868252339,0.0691979085337294,smldist.62
0.413396959735863,0.103957668149019,larct.62
0.35107473211589,0.0168872810617952,lardur.62
0.237128144798676,0.0128718212872273,lardist.62
0.561373617065124,-0.0536812796837572,inact.63
0.263461298494287,-0.139031292008683,inadur.63
0.539556133074916,-0.1475171507913,inadist.63
0.166038326103703,-0.0260556691917623,smlct.63
0.300384130617331,-0.0766125303510508,smldur.63
1.14644634825908,-0.104453914569092,smldist.63
0.77768978721694,-0.633549863060647,larct.63
0.562039230787782,-0.0764623785082102,lardur.63
0.491621051549896,-0.28295529936617,lardist.63
0.52446666105997,-0.00872056513128873,inact.64
0.189604671485302,-0.0945250224108637,inadur.64
0.369569315362253,-0.0973350808517507,inadist.64
0.0592880080102103,-0.0475328892568223,smlct.64
0.000499847052114512,-0.0377004430101744,smldur.64
0.833861400898767,-0.0109554974109731,smldist.64
0.584707388262762,-0.211740597507624,larct.64
0.512727827836971,-0.0296427819689688,lardur.64
0.381702110301732,-0.00772410648971314,lardist.64
0.492291086882446,-0.0520666414245331,inact.65
0.212003261112663,-0.0433222794342943,inadur.65
0.306124861304589,0.0102239364327151,inadist.65
0.0692086278352264,-0.0693346758684885,smlct.65
0.134734080129901,-0.0891334090892067,smldur.65
1.13606020437179,-0.120590848387465,smldist.65
0.368575812261156,0.271015632208736,larct.65
0.524791939924618,-0.0301315686362075,lardur.65
0.35107473211589,-0.0704211215477354,lardist.65
0.590508656533359,-0.0835178962645883,inact.66
0.363632042872386,-0.0683903982373795,inadur.66
0.282006758350551,-0.0382033045885525,inadist.66
0.136779169508093,-0.0264428985373152,smlct.66
0.206096220174792,-0.129475896926954,smldur.66
1.33684482658723,-0.223871132380084,smldist.66
0.514104820972832,0.0286344899652844,larct.66
0.476708623351896,-0.00629140116411485,lardur.66
0.368095623571955,0.074383407493452,lardist.66
0.387056026280936,-0.0636615628025082,inact.67
0.182161350153393,0.0162462112021491,inadur.67
0.0961898861313369,0.0555282101982401,inadist.67
0.0765102110605505,0.227925664714701,smlct.67
0.00229179677958483,0.000860612738138752,smldur.67
0.654647128425181,0.0286154692136126,smldist.67
0.481448062442233,0.10395766814902,larct.67
0.308243849256492,0.0639742338301555,lardur.67
0.247188334705819,0.0733424179447748,lardist.67
0.746065845668956,-0.166271043820186,inact.68
0.498519399420893,-0.126498674707298,inadur.68
0.22163230581327,-0.0148176125810439,inadist.68
0.189530949161337,-0.0448840520278368,smlct.68
0.189530949161337,-0.050781392438799,smldur.68
0.830514107542846,-0.0233575466104918,smldist.68
0.750313353018308,-0.574272021875215,larct.68
0.538519034627564,-0.0517887416733336,lardur.68
0.455710037156442,-0.0846013236475986,lardist.68
0.554999496003029,-0.137555627216441,inact.69
0.431995592829586,-0.0877707948548102,inadur.69
0.255213079397975,-0.0639422817171498,inadist.69
0.106992876675638,-0.0957758177150684,smlct.69
0.101428071772764,0.0416402071050562,smldur.69
1.05239728535549,0.0691979085337294,smldist.69
0.491621051549896,0.0321109982900217,larct.69
0.514104820972832,-0.0301315686362071,lardur.69
0.328908433212186,-0.00783856280979576,lardist.69
0.969383587720282,-0.114557516899539,inact.70
0.266903308571882,0.0628335685719205,inadur.70
0.313222243692343,-0.0391864256000889,inadist.70
0.387056026280936,-0.246435054706018,smlct.70
0.431108371924692,-0.0899350730736818,smldur.70
1.30675836413918,-0.116190476930982,smldist.70
0.831321239428774,-0.443372403485338,larct.70
0.488182020200309,-0.00639599667270095,lardur.70
0.447325392457672,-0.0505994217339069,lardist.70
0.795197087545183,-0.177984288553441,inact.71
0.538519034627564,-0.048390425220657,inadur.71
0.360151447782638,-0.0628635781056878,inadist.71
0.154077034898997,-0.0619651785122038,smlct.71
0.306995256351404,-0.0759327683167445,smldur.71
1.04120986280995,-0.024212863870484,smldist.71
0.575854592846194,-0.190474325341971,larct.71
0.514104820972832,-0.0509812655617959,lardur.71
0.382625911453364,-0.0869370135156922,lardist.71
0.590508656533359,0.0509617446613029,inact.72
0.431108371924692,-0.0740644770465726,inadur.72
0.365258003120998,-0.0650586579361939,inadist.72
0.12301962397638,-0.228339521345766,smlct.72
0.315529792494214,-0.136902499812488,smldur.72
1.22302410752429,-0.0923910839560752,smldist.72
0.419275588440234,0.0286344899652853,larct.72
0.393071713638141,-0.00619017157570813,lardur.72
0.313906259830001,-0.0281736264560322,lardist.72
0.830514107542846,-0.0682449780657239,inact.73
0.385142050689417,0.00965010355181848,inadur.73
0.419275588440234,-0.0145612298834952,inadist.73
0.127968439405019,-0.10031914207775,smlct.73
0.168865903533986,-0.0370404474730618,smldur.73
0.830514107542846,0.0901404566952402,smldist.73
0.516236554384642,-0.121070864221227,larct.73
0.492465708831194,-0.0296427819689688,lardur.73
0.319706469082369,-0.00772410648971298,lardist.73
1.22018159024889,-0.109959737106843,inact.74
0.604611455966944,-0.126138181521246,inadur.74
0.385142050689417,-0.00207119928475731,inadist.74
0.0287633634403245,0.0826195371855434,smlct.74
0.171923626427502,0.0142151018279835,smldur.74
0.939116166289411,-0.0113699348101093,smldist.74
0.53714783273309,-0.127632629172307,larct.74
0.558068938791464,-0.0534829494410611,lardur.74
0.35107473211589,-0.0894053758683772,lardist.74
0.790484985457369,-0.187159089647807,inact.75
0.514104820972832,-0.113844501193817,inadur.75
0.35143239127042,-0.0541168220677321,inadist.75
0.0416114496987644,-0.0901207999728125,smlct.75
0.282006758350551,-0.129475896926954,smldur.75
0.748177032348363,0.00216154381670762,smldist.75
0.528715822824572,-0.32000270143908,larct.75
0.559403135404666,-0.121351496064652,lardur.75
0.435292716028523,-0.185404401683179,lardist.75
0.755398657845359,-0.111074214272711,inact.76
0.452987575002943,-0.126138181521246,inadur.76
0.394138719791889,-0.0391864256000889,inadist.76
0.209534231537785,0.20222305140542,smlct.76
0.0101683140040736,0.0401293515087804,smldur.76
0.799560922629551,0.0545352704725573,smldist.76
0.467686245031216,0.109746746331326,larct.76
0.528715822824572,-0.0301315686362071,lardur.76
0.358638002690701,-0.0078385628097956,lardist.76
1.05722365483442,-0.323397947597104,inact.77
0.29836560398257,-0.127283750357291,inadur.77
0.488182020200309,-0.143201566743491,inadist.77
0.0429846512488529,-0.0683190133611468,smlct.77
0.0149938470852375,0.000876294857748219,smldur.77
0.663983099656191,0.00224216870332206,smldist.77
0.473777688536503,-0.121070864221226,larct.77
0.526156455041574,-0.0975113285925598,lardur.77
0.394138719791889,-0.0906928938386492,lardist.77
1.00874944115042,-0.299469401621923,inact.78
0.305258208996771,-0.0313949860852567,inadur.78
0.524791939924618,-0.0902567912529735,inadist.78
0.0657559965970891,-0.144474255792306,smlct.78
0.251190705015958,-0.11385380855225,smldur.78
1.01134718219992,-0.0231530767198224,smldist.78
0.672679483454546,-0.602435239545599,larct.78
0.596959896282407,-0.121351496064652,lardur.78
0.501354213093096,-0.169046205195988,lardist.78
0.727501092922183,-0.0689541978826207,inact.79
0.265050876131256,0.0450533873387453,inadur.79
0.228907017427636,0.0104916002721293,inadist.79
0.005034496332226,0.0894190795737519,smlct.79
0.000273632171547012,0.0560123469568722,smldur.79
1.10413737368019,-0.0540982189981447,smldist.79
0.805705874306185,-0.443372403485339,larct.79
0.538519034627564,-0.0526222110361177,lardur.79
0.35107473211589,-0.0894053758683767,lardist.79
0.278987901123259,-0.053681279683757,inact.80
0.063642731845229,0.00985064019827398,inadur.80
0.0738944855244005,0.0484772107054958,inadist.80
0.0831310067101551,-0.0482446851489815,smlct.80
0.192303117119071,-0.0924290164885742,smldur.80
1.21584332482256,-0.0647319775439752,smldist.80
0.746780900527753,-0.602435239545599,larct.80
0.543848083034369,-0.0740587181992995,lardur.80
0.454663136318033,-0.261474339178766,lardist.80
1.00874944115042,-0.128975665922147,inact.81
0.385142050689417,-0.191440982626789,inadur.81
0.44407334908906,-0.0918611225344608,inadist.81
0.571806282630519,-0.328001982226715,smlct.81
0.727619592204838,-0.172562155450102,smldur.81
1.35717589001934,-0.134900164319805,smldist.81
0.562039230787782,-0.224263588178083,larct.81
0.492465708831194,-0.0296427819689685,lardur.81
0.431108371924692,-0.1304014088897,lardist.81
0.740117805867581,-0.085281602179059,inact.82
0.781560812235754,-0.139951937416391,inadur.82
0.669260457649143,-0.161706605601565,inadist.82
0.425828433617563,-0.0683190133611468,smlct.82
0.207519130876821,-0.0125541579873242,smldur.82
0.672679483454546,0.0160699677776864,smldist.82
0.382785139496175,0.185069924515063,larct.82
0.446526789251577,-0.00629140116411517,lardur.82
0.189530949161337,0.0765566501478693,lardist.82
0.604769078057406,-0.0578686485081472,inact.83
0.368575812261156,0.0835506167925342,inadur.83
0.315529792494214,0.0619414406991492,inadist.83
0.0307948305466542,0.130507300554576,smlct.83
0.0273376572128054,0.000909438507245156,smldur.83
0.935848111915228,-0.116190476930982,smldist.83
0.554999496003029,-0.224263588178082,larct.83
0.538519034627564,-0.0534829494410611,lardur.83
0.40745202306367,-0.0704211215477354,lardist.83
0.674090022392363,-0.11576770667999,inact.84
0.32039699346891,-0.0846480417539273,inadur.84
0.189530949161337,-0.00205351059678174,inadist.84
0.313222243692343,-0.11750099776843,smlct.84
0.0400803576689847,0.0420358671682804,smldur.84
0.77768978721694,-0.0114784902826006,smldist.84
0.556107641599074,-0.354055781076951,larct.84
0.571667972284795,-0.141045776047146,lardur.84
0.519677416092225,-0.28295529936617,lardist.84
0.694393623929993,-0.0233730122665782,inact.85
0.362679910145091,-0.0299557232390571,inadur.85
0.118169588097166,0.0100529544513866,inadist.85
0.162465764178104,-0.00475524174594393,smlct.85
0.0400803576689847,0.0404966920290686,smldur.85
0.886625654629329,0.00224216870332206,smldist.85
0.594531963074171,-0.224263588178082,larct.85
0.623120348734277,-0.121351496064652,lardur.85
0.501354213093096,-0.112289821521205,lardist.85
0.452987575002943,-0.0505463075365136,inact.86
0.12301962397638,0.105194511871783,inadur.86
0.00975044065705927,0.0689425810825267,inadist.86
0.00229179677958483,0.0938622142232688,smlct.86
0.0181791224135152,0.000845482042811862,smldur.86
0.790484985457369,-0.036259237860759,smldist.86
0.491621051549896,-0.0457476860374908,larct.86
0.329919560937361,0.0402386618666489,lardur.86
0.254822055833662,-0.00750493688167515,lardist.86
0.558068938791464,-0.077136999393481,inact.87
0.134210876505494,0.0816339129999054,inadur.87
0.208949522700799,-0.0138426882715217,inadist.87
0.307366473430603,-0.218195221735722,smlct.87
0.231394067522587,-0.154196296389997,smldur.87
1.27790619681684,-0.23823540321952,smldist.87
0.338396368889405,-0.0415833584825296,larct.87
0.476708623351896,-0.0729126937951284,lardur.87
0.256725642312579,-0.0266503405589222,lardist.87
0.533484336452953,-0.0802006968524278,inact.88
0.15464566344133,0.0610941966210105,inadur.88
0.101428071772764,0.0341815057240131,inadist.88
0.0166318652864567,-0.0268418115607528,smlct.88
0.159156803498277,-0.116955018188798,smldur.88
0.956960475721451,-0.133628566097004,smldist.88
0.502567969541914,0.0302732589316624,larct.88
0.452987575002943,0.0174441707993913,lardur.88
0.320828947935765,0.0134398247518428,lardist.88
0.571667972284795,-0.0950034869057424,inact.89
0.233775460778468,-0.0350271534325548,inadur.89
0.171923626427502,0.0100529544513869,inadist.89
0.197340443206008,-0.094296533498049,smlct.89
0.317815386351806,-0.0773045759338904,smldur.89
1.3197599359225,-0.173665086042545,smldist.89
0.727501092922183,-0.380651784917279,larct.89
0.540918722918295,-0.0752413520665944,lardur.89
0.416467845741802,-0.088153913797996,lardist.89
0.624153563690844,-0.111074214272711,inact.90
0.416482984283421,-0.107842834681089,inadur.90
0.402126605421227,-0.11063623994868,inadist.90
0.396416870026141,-0.35045831695684,smlct.90
0.360793393414084,-0.178500240781659,smldur.90
1.33684482658723,-0.313473101228358,smldist.90
0.432839571644504,-0.10978359636098,larct.90
0.515741700455817,-0.0740587181992997,lardur.90
0.259177496294562,-0.0665602553467898,lardist.90
1.00874944115042,-0.196980296667735,inact.91
0.551235362049727,-0.152960798149504,inadur.91
0.571667972284795,-0.134807045106098,inadist.91
0.306995256351404,-0.0461705071618469,smlct.91
0.290827978310932,-0.0247370339108256,smldur.91
1.00874944115042,-0.0501715311408144,smldist.91
0.757043593288173,-0.4202731494317,larct.91
0.560759285698191,-0.0534829494410608,lardur.91
0.413396959735863,-0.0477675787639549,lardist.91
0.541751483107511,-0.00908673980416849,inact.92
0.425828433617563,-0.0997776574424826,inadur.92
0.327703165631616,-0.0148176125810439,inadist.92
0.233775460778468,-0.165060532933706,smlct.92
0.198024814422351,-0.0398295280982953,smldur.92
1.30675836413918,-0.125337859593862,smldist.92
0.313906259830001,0.256654843667066,larct.92
0.521464871599981,-0.00619017157570829,lardur.92
0.255409961816561,0.074383407493452,lardist.92
0.431108371924692,0.0568054015204683,inact.93
0.139777258348185,0.147014426488919,inadur.93
0.0887691691386686,0.0328096450197541,inadist.93
0.155587102280323,0.0552203447452661,smlct.93
0.0776206658599144,-0.0119949820193816,smldur.93
1.00874944115042,0.00216154381670794,smldist.93
0.539556133074916,0.152063500459936,larct.93
0.520331556266458,-0.00581585941827438,lardur.93
0.439277161002119,0.121231179546755,lardist.93
0.972268258912509,-0.173160641268944,inact.94
0.248840916601062,0.0264335332534302,inadur.94
0.413396959735863,-0.0395254748511285,inadist.94
0.0578195012236755,0.0387424974753585,smlct.94
0.00406805480538783,0.068163390600148,smldur.94
0.514104820972832,0.0785840012240664,smldist.94
0.621191972697832,-0.373968942364594,larct.94
0.535003634722771,-0.0526222110361177,lardur.94
0.411728293157671,-0.0498604396780558,lardist.94
0.592499717347555,-0.275347871713429,inact.95
0.432839571644504,-0.061920575175446,inadur.95
0.238307245043118,-0.0378864694469976,inadist.95
0.00299024415094028,-0.0442673406637819,smlct.95
0.0606035161403342,0.038388280514893,smldur.95
0.671009144550571,0.00216154381670762,smldist.95
0.245329845465879,0.389976309043387,larct.95
0.370671172584495,0.0408967811926518,lardur.95
0.118273465495193,0.192017284155971,lardist.95
0.746065845668956,-0.115733853751029,inact.96
0.518684607452639,-0.0650653075992849,inadur.96
0.299200551866869,-0.0258144905950583,inadist.96
0.134734080129901,0.0355042231117376,smlct.96
0.0646070180964025,0.090848635487547,smldur.96
0.77768978721694,0.13810565080166,smldist.96
0.510887522967642,-0.0508389974343786,larct.96
0.437646433260681,0.0174441707993913,lardur.96
0.300384130617331,0.0136404654818086,lardist.96
0.790484985457369,-0.217310831525794,inact.97
0.45883124236177,-0.0607577197780571,inadur.97
0.313906259830001,-0.0375748466531701,inadist.97
0.278479270770993,0.015735647797774,smlct.97
0.176276104549812,0.0269206533857214,smldur.97
1.01134718219992,0.0691979085337294,smldist.97
0.571667972284795,-0.143151331812041,larct.97
0.498519399420893,-0.00629140116411485,lardur.97
0.375667410257914,-0.0078385628097956,lardist.97
1.00056074182342,-0.117003752596749,inact.98
0.491621051549896,-0.0994794191718932,inadur.98
0.411728293157671,-0.0759974482191806,inadist.98
0.34904356652888,-0.141084794710427,smlct.98
0.312435119381689,-0.107258824373382,smldur.98
1.24412514432751,-0.137517427895189,smldist.98
0.539556133074916,-0.134946965769695,larct.98
0.48236601224307,-0.00629140116411517,lardur.98
0.369569315362253,0.0325099637841812,lardist.98
0.538519034627564,-0.0818256816789487,inact.99
0.453242817138943,0.0630129694425466,inadur.99
0.0307948305466542,0.0731374842226312,inadist.99
0.396416870026141,-0.328001982226715,smlct.99
0.255409961816561,-0.078726874400044,smldur.99
1.30675836413918,-0.248203444767059,smldist.99
0.546788415823216,-0.190474325341972,larct.99
0.484984888116473,-0.0296427819689685,lardur.99
0.393071713638141,-0.309899586518746,lardist.99
0.790484985457369,-0.179746480411159,inact.100
0.0843783842624382,0.0891842394627966,inadur.100
0.344284341070852,-0.00203612148421516,inadist.100
0.291388349825249,-0.0957758177150684,smlct.100
0.109228026730013,-0.0261273860097644,smldur.100
1.01134718219992,0.0288798583824979,smldist.100
0.672679483454546,-0.373968942364594,larct.100
0.589570142676656,-0.0990815195386865,lardur.100
0.506010819993042,-0.246736105443124,lardist.100
0.381702110301732,-0.0363271075023836,inact.101
0.133232226852115,0.172127073199362,inadur.101
0.0843783842624382,0.0689425810825267,inadist.101
0.259177496294562,-0.172876813457381,smlct.101
0.312044837167657,-0.0997753686123261,smldur.101
1.3194378784499,-0.205694364403329,smldist.101
0.545359273711771,-0.048159141772645,larct.101
0.488182020200309,-0.00619017157570813,lardur.101
0.349627878834037,-0.0277767091725891,lardist.101
0.44017942620816,-0.0482005827732551,inact.102
0.240911755665853,-0.00657790059346958,inadur.102
0.282006758350551,-0.00196941356653186,inadist.102
0.277496183663058,0.0157356477977743,smlct.102
0.225126459377592,-0.038735749920812,smldur.102
1.09944234952345,-0.0672288056535988,smldist.102
0.546788415823216,0.0940374709929638,larct.102
0.512727827836971,0.0168872810617952,lardur.102
0.455710037156442,0.0128718212872273,lardist.102
0.352030541637028,0.00516346584175199,inact.103
0.0754884087804514,0.066153015634622,inadur.103
0.0392292069116706,0.0678310136306279,inadist.103
0.0281238102050468,-0.0862993174437401,smlct.103
0.0957992848274134,-0.0639820332112601,smldur.103
0.972268258912509,-0.31907916038257,smldist.103
0.323640206288496,0.243742825179476,larct.103
0.295634963777275,0.107335496243503,lardur.103
0.127920130664953,0.0325099637841809,lardist.103
0.446734535958195,-0.161453565959092,inact.104
0.00821510510454797,0.0773222550727379,inadur.104
0.452354818765211,-0.0504807516180495,inadist.104
0.0141672589258519,-0.0249591661078648,smlct.104
0.0906577803994334,-0.0759327683167452,smldur.104
1.00874944115042,-0.143849583343082,smldist.104
0.584707388262762,-0.244679523255346,larct.104
0.45883124236177,0.0163648481279528,lardur.104
0.431108371924692,-0.173487641278998,lardist.104
0.52446666105997,-0.15544876334261,inact.105
0.25160176660197,-0.106666550935651,inadur.105
0.338396368889405,-0.14507655590565,inadist.105
0.0794729391032739,0.053733403941375,smlct.105
0.0433293201991005,0.0623483448242342,smldur.105
0.781560812235754,0.00220111820393474,smldist.105
0.492824004784886,-0.0457476860374912,larct.105
0.524195189094947,-0.0752413520665944,lardur.105
0.365258003120998,-0.201114938054576,lardist.105
0.259177496294562,0.125342947888259,inact.106
0.115947434376288,0.0598680459434006,inadur.106
0.156682328643974,0.0336192205945909,inadist.106
0.127920130664953,-0.0673326828398047,smlct.106
0.103132408489097,0.0269206533857211,smldur.106
0.880661615806457,-0.0510987691871746,smldist.106
0.542195428020401,-0.211740597507624,larct.106
0.535003634722771,-0.0534829494410611,lardur.106
0.369569315362253,-0.0498604396780558,lardist.106
0.594531963074171,0.0726464941544062,inact.107
0.197287373519831,0.0546059882283697,inadur.107
0.263461298494287,0.115312760251886,inadist.107
0.0184834056940131,-0.00462458717015618,smlct.107
0.0570805206580659,0.0783349970290145,smldur.107
1.01134718219992,-0.0233575466104914,smldist.107
0.524791939924618,-0.0435662280062313,larct.107
0.381702110301732,0.0396013895761161,lardur.107
0.338396368889405,0.0520583971030307,lardist.107
0.578341544348391,-0.163028038352339,inact.108
0.263461298494287,-0.0181132973299035,inadur.108
0.0218061821581272,0.0804374461243114,inadist.108
0.163640928416235,-0.0595900774371834,smlct.108
0.147945020659176,0.038724301959385,smldur.108
1.03224072498473,-0.0359404129958126,smldist.108
0.492291086882446,-0.121070864221226,larct.108
0.53714783273309,-0.0740587181992997,lardur.108
0.35107473211589,-0.0665602553467889,lardist.108
0.536329759204433,-0.0636615628025077,inact.109
0.182161350153393,-0.0439774256212772,inadur.109
0.0121860221410815,-0.00192218230642138,inadist.109
0.159156803498277,-0.103058990376403,smlct.109
0.172130557971826,0.000868383002904107,smldur.109
0.884643387474647,-0.0246644514911313,smldist.109
0.543848083034369,-0.158624221098558,larct.109
0.545359273711771,-0.094515713016382,lardur.109
0.363632042872386,-0.104694282357439,lardist.109
0.464937113367517,0.0448972611810036,inact.110
0.30268045171874,0.0923239016491563,inadur.110
0.0957992848274134,0.0797862812838432,inadist.110
0.00229179677958483,0.186167698553136,smlct.110
0.110911816442029,0.0387243019593847,smldur.110
0.909537743542686,-0.0233575466104918,smldist.110
0.551235362049727,-0.0457476860374923,larct.110
0.431108371924692,0.0168872810617955,lardur.110
0.455710037156442,0.0320675275116643,lardist.110
0.402126605421227,-0.0840925764175111,inact.111
0.00150687139131178,0.0877134227454109,inadur.111
0.135392719033827,0.0333449589282697,inadist.111
0.213641197672054,-0.323015152645233,smlct.111
0.25307250746228,-0.123876303531246,smldur.111
1.00037174792075,-0.139981342755802,smldist.111
0.428798022291145,-0.0435662280062308,larct.111
0.421812772501124,-0.00609214800535397,lardur.111
0.319706469082369,-0.1457397301007,lardist.111
0.34904356652888,0.0977470577786606,inact.112
0.0154268013483835,0.0683266111279722,inadur.112
0.212819433074556,0.0216639529413757,inadist.112
0.240911755665853,-0.120308445320553,smlct.112
0.254822055833662,-0.102455951811837,smldur.112
1.06248210798265,-0.195304639692906,smldist.112
0.672679483454546,-0.460125272316943,larct.112
0.794132351074555,-0.224361376157035,lardur.112
0.601988655177687,-0.360132614327254,lardist.112
0.266903308571882,-0.082663127088332,inact.113
0.00150687139131178,0.130158435817368,inadur.113
0.0382162761394712,0.0700911939626436,inadist.113
0.0284433440356218,-0.165636431470264,smlct.113
0.069238586410198,-0.0373675310506164,smldur.113
1.11677177633557,-0.0867014220510581,smldist.113
0.580963302234258,-0.284652319956205,larct.113
0.546788415823216,-0.0526222110361177,lardur.113
0.491621051549896,-0.14776781763435,lardist.113
0.545359273711771,-0.213186278561142,inact.114
0.208949522700799,0.036327837423507,inadur.114
0.520331556266458,-0.107926251789778,inadist.114
0.219585952258178,-0.0654430769853049,smlct.114
0.313222243692343,-0.0997753686123258,smldur.114
1.03482597779134,-0.0890516864771555,smldist.114
0.804548052920789,-0.544233240652258,larct.114
0.663983099656191,-0.119442756825892,lardur.114
0.514104820972832,-0.185404401683179,lardist.114
0.586752435559058,-0.0771369993934808,inact.115
0.381702110301732,-0.0779118498582877,inadur.115
0.176060502745205,-0.0613120898000537,inadist.115
0.030488080110619,-0.0775325270492568,smlct.115
0.0246406483741301,0.0645510760810198,smldur.115
0.746065845668956,0.0540449046674136,smldist.115
0.571812078014462,-0.380651784917279,larct.115
0.514104820972832,-0.117593165653886,lardur.115
0.360793393414084,-0.180446248480218,lardist.115
0.909537743542686,-0.1930661780743,inact.116
0.682458967543851,-0.27222294537754,inadur.116
0.489742031761473,-0.146286665832624,inadist.116
0.131035843514929,-0.0785296912797411,smlct.116
0.305258208996771,-0.06019361045313,smldur.116
1.20896072726426,-0.123179196755074,smldist.116
0.672679483454546,-0.443372403485338,larct.116
0.539556133074916,-0.0990815195386869,lardur.116
0.455710037156442,-0.209584152874959,lardist.116
1.13039154545721,-0.361373058572527,inact.117
0.88677413419685,-0.322651642937057,inadur.117
0.580963302234258,-0.180187432468942,inadist.117
0.318758762624413,-0.158978738579318,smlct.117
0.35143239127042,-0.0875722183511641,smldur.117
1.00874944115042,-0.0369141646813041,smldist.117
0.431108371924692,-0.100422222205218,larct.117
0.492465708831194,-0.0729126937951282,lardur.117
0.282006758350551,-0.157972470138811,lardist.117
0.498519399420893,0.0489282013339212,inact.118
0.462582843393087,-0.106060419147298,inadur.118
0.489170113114165,0.0101377245485376,inadist.118
0.203484584617341,0.0925979037039061,smlct.118
0.0952939028164442,0.0515798967169051,smldur.118
0.674090022392363,0.00212336732976711,smldist.118
0.460332950751116,0.0987489555630947,larct.118
0.4921193814748,-0.0291696006428572,lardur.118
0.286789556549371,-0.0273908205950521,lardist.118
0.594531963074171,-0.0764073107786756,inact.119
0.161687721792892,-0.0588627120950758,inadur.119
0.323640206288496,-0.12938968826666,inadist.119
0.217871764559794,0.181368568943778,smlct.119
0.215115366957388,0.125541158046111,smldur.119
0.3381552620267,0.116334790019688,smldist.119
0.313906259830001,0.166949193441545,larct.119
0.313906259830001,0.0853147990304324,lardur.119
0.168865903533986,0.0903781307639997,lardist.119
0.601988655177687,-0.107796586962026,inact.120
0.271892075767117,-0.261939321370679,inadur.120
0.275517978660506,-0.109717907339389,inadist.120
0.0934873693286046,0.137037655392745,smlct.120
0.0207092620708238,0.0269206533857211,smldur.120
0.453242817138943,0.0829830968392305,smldist.120
0.420033581034919,0.166949193441545,larct.120
0.493929905908159,-0.00619017157570813,lardur.120
0.245329845465879,0.0334325031569079,lardist.120
0.623120348734277,-0.28597959799209,inact.121
0.26643720991018,-0.140890545161402,inadur.121
0.284445307729381,-0.0989709756537358,inadist.121
0.10579723762388,-0.0239512265919638,smlct.121
0.0850305922495618,-0.0367190405388655,smldur.121
0.85249820636798,-0.0484144826268757,smldist.121
0.492824004784886,-0.121070864221226,larct.121
0.6110400843941,-0.121351496064652,lardur.121
0.446526789251577,-0.166708837630764,lardist.121
1.01134718219992,-0.352219468368641,inact.122
0.403930372361225,-0.099202370935029,inadur.122
0.545359273711771,-0.0989709756537358,inadist.122
0.380333080534653,-0.103058990376403,smlct.122
0.33995666780534,-0.110912894431897,smldur.122
1.22098102808513,-0.150896467537403,smldist.122
0.500159418881732,-0.0481591417726448,larct.122
0.537562333259045,-0.0534829494410611,lardur.122
0.419306695296263,-0.0906928938386495,lardist.122
0.956960475721451,-0.183377805608721,inact.123
0.545359273711771,-0.232293773569312,inadur.123
0.592451239266249,-0.173278303591011,inadist.123
0.327703165631616,-0.189783260853762,smlct.123
0.481448062442233,-0.129475896926954,smldur.123
1.12039110885758,-0.092391083956075,smldist.123
0.835036189860424,-0.438853783810619,larct.123
0.539556133074916,-0.0729126937951279,lardur.123
0.514104820972832,-0.120159575523448,lardist.123
0.538519034627564,-0.131043376948778,inact.124
0.484984888116473,-0.201450744616145,inadur.124
0.504276566310074,-0.0973350808517514,inadist.124
0.118273465495193,-0.0636566514682964,smlct.124
0.00111625172741912,0.000884352208346063,smldur.124
0.859200797826829,-0.0510987691871744,smldist.124
0.489170113114165,0.0940374709929643,larct.124
0.38868362830859,0.0389839891584296,lardur.124
0.212003261112663,0.071345487530973,lardist.124
0.750313353018308,-0.240637504047395,inact.125
0.368483807718859,-0.0357146151861187,inadur.125
0.441464617800421,-0.0504807516180499,inadist.125
0.0380524780234286,-0.0253142667034107,smlct.125
0.0433293201991005,-0.0377004430101747,smldur.125
1.05722365483442,-0.167377820867388,smldist.125
0.338396368889405,-0.0415833584825293,larct.125
0.313906259830001,0.0396013895761164,lardur.125
0.235736605409873,-0.0647843675695725,lardist.125
0.71451402980567,-0.148543505684566,inact.126
0.421812772501124,-0.0854533695438365,inadur.126
0.401210313898396,-0.114567122274816,inadist.126
0.131162341163407,-0.0468417932960866,smlct.126
0.25246784195596,-0.0258849076069618,smldur.126
0.755398657845359,0.100676977195211,smldist.126
0.422907367913213,-0.10978359636098,larct.126
0.403652858039089,0.0163648481279532,lardur.126
0.327703165631616,0.0125190941928147,lardist.126
0.601988655177687,-0.260432267828538,inact.127
0.544241796895863,-0.146505952770744,inadur.127
0.402394350098288,-0.0747205889968858,inadist.127
0.122219719903987,0.0365217719020992,smlct.127
0.215115366957388,-0.0123243459147134,smldur.127
0.984760033443263,0.0530901640235453,smldist.127
0.63230531571039,-0.32000270143908,larct.127
0.402394350098288,0.0396013895761161,lardur.127
0.263461298494287,-0.0647843675695723,lardist.127
0.580963302234258,-0.185249127353877,inact.128
0.338396368889405,-0.0701953372618018,inadur.128
0.225126459377592,0.0341815057240135,inadist.128
0.0466329080751948,-0.0505140110736048,smlct.128
0.0332516491828942,-0.0251837457898346,smldur.128
0.608930830700186,0.00228477947218499,smldist.128
0.677437117841591,-0.373968942364594,larct.128
0.515741700455817,-0.0296427819689685,lardur.128
0.396416870026141,-0.049142733986097,lardist.128
0.368095623571955,-0.0229090668682872,inact.129
0.0600334853248941,0.0991293853188417,inadur.129
0.0154268013483835,0.0453002265814857,inadist.129
0.2655110067713,0.14995107556847,smlct.129
0.114890729612709,0.0397686157014315,smldur.129
0.594531963074171,0.0759015998765524,smldist.129
0.462582843393087,-0.0508389974343786,larct.129
0.48236601224307,-0.00609214800535333,lardur.129
0.356178003030726,-0.0277767091725887,lardist.129
0.269023960092938,-0.0460629382010636,inact.130
0.00252379170064824,0.0728383838119857,inadur.130
0.0906577803994334,0.00972759197895959,inadist.130
0.231394067522587,0.146038888271243,smlct.130
0.0267027977992461,-0.023686645087258,smldur.130
0.661194307810189,-0.0743342838858211,smldist.130
0.35738055972208,0.232070420939416,larct.130
0.431108371924692,0.0168872810617955,lardur.130
0.35107473211589,-0.0846013236475993,lardist.130
0.005034496332226,0.217954886455422,inact.131
0.0985900711260781,0.101984555108989,inadur.131
0.316876308444004,0.158434867351782,inadist.131
0.2655110067713,0.15407884171387,smlct.131
0.130521958278875,0.0769571065279722,smldur.131
0.669260457649143,0.0655462835145261,smldist.131
0.562039230787782,-0.32000270143908,larct.131
0.527045197410601,-0.0282671570474754,lardur.131
0.44017942620816,-0.0857532623610251,lardist.131
0.326438437052024,-0.0818256816789487,inact.132
0.0433293201991005,0.13911904588219,inadur.132
0.0498188224892309,0.0347629202651314,inadist.132
0.0782503133522942,-0.195358080329998,smlct.132
0.062285011965889,-0.0380393405473548,smldur.132
0.958468458039563,-0.253329585555882,smldist.132
0.538519034627564,-0.269947812741634,larct.132
0.571667972284795,-0.119442756825892,lardur.132
0.473777688536503,-0.166708837630764,lardist.132
0.533009517546472,-0.200425969877886,inact.133
0.295634963777275,-0.0334406010471025,inadur.133
0.35107473211589,-0.0949802202776269,inadist.133
0.413396959735863,-0.221474800086131,smlct.133
0.385142050689417,-0.0802025042621527,smldur.133
1.05722365483442,-0.0815381215859403,smldist.133
0.571667972284795,-0.190474325341972,larct.133
0.570144204307114,-0.0534829494410611,lardur.133
0.491621051549896,-0.0714573673606111,lardist.133
0.297286903699417,-0.00830235788433417,inact.134
0.0649893574169363,0.0166831203065621,inadur.134
0.208233387482959,-0.00201902440055223,inadist.134
0.00252379170064824,-0.0233233090342015,smlct.134
0.0314286026828655,-0.0114834948260959,smldur.134
1.11199868380228,-0.17189399901078,smldist.134
0.263461298494287,0.308864052677347,larct.134
0.337407111154401,0.0853147990304327,lardur.134
0.26973687968468,0.0334325031569076,lardist.134
0.515741700455817,-0.0613087089473435,inact.135
0.280730855086958,-0.114698570538762,inadur.135
0.34904356652888,-0.084363408516027,inadist.135
0.0989218305266906,-0.125342078499076,smlct.135
0.113462542246684,0.000845482042811542,smldur.135
0.785968884292405,-0.0233575466104914,smldist.135
0.559403135404666,-0.181368515512984,larct.135
0.546788415823216,-0.0959901464326316,lardur.135
0.431108371924692,-0.0846013236475993,lardist.135
0.169676516717169,0.0700337191805351,inact.136
0.242498023302233,-0.068949453996553,inadur.136
0.092622404964678,0.0442136466813176,inadist.136
0.070591670322986,0.0552203447452668,smlct.136
0.00962464834428147,0.000838114469618241,smldur.136
1.10413737368019,-0.0784952472987609,smldist.136
0.484984888116473,-0.115151147158236,larct.136
0.545359273711771,-0.0975113285925598,lardur.136
0.481448062442233,-0.126798710104285,lardist.136
0.602568023032506,-0.230185010132301,inact.137
0.0902303567436154,-0.0221746557875509,inadur.137
0.238899806542501,0.0220247567749234,inadist.137
0.0670903817899319,-0.0256796176181284,smlct.137
0.112988349414478,-0.0512399813198159,smldur.137
1.04254156250264,-0.134900164319806,smldist.137
0.540918722918295,-0.0508389974343786,larct.137
0.528715822824572,-0.0534829494410611,lardur.137
0.375667410257914,-0.0498604396780558,lardist.137
0.559403135404666,-0.198981091594986,inact.138
0.300384130617331,-0.00656030561790885,inadur.138
0.156533195501661,0.010311627202881,inadist.138
0.1838798713144,-0.109013827266787,smlct.138
0.330666399956377,-0.0503309401499651,smldur.138
1.20896072726426,0.00218115151756938,smldist.138
0.538519034627564,-0.25669169369672,larct.138
0.624022270955858,-0.141045776047146,lardur.138
0.403930372361225,-0.0477675787639546,lardist.138
0.266903308571882,0.0197512960958158,inact.139
0.0715573989158083,0.133785586861801,inadur.139
0.0505329208837437,0.0101377245485376,inadist.139
0.0204294020564653,-0.167981474242096,smlct.139
0.00862920267098074,0.0138317921022529,smldur.139
0.860892307197489,-0.0932654505093709,smldist.139
0.345393281233051,0.256654843667066,larct.139
0.514104820972832,0.0168872810617955,lardur.139
0.291388349825249,0.170853352914415,lardist.139
0.337407111154401,0.0330522863334089,inact.140
0.0146944915962671,0.0682592283903303,inadur.140
0.00838085655590267,0.0903720944829364,inadist.140
0.00479561629396423,0.0767812367597801,smlct.140
0.156682328643974,0.0143476368438715,smldur.140
0.909537743542686,-0.0394053091081184,smldist.140
0.493929905908159,-0.0457476860374907,larct.140
0.338396368889405,0.107335496243503,lardur.140
0.248840916601062,0.149995407287711,lardist.140
0.333743030539139,0.117995052144252,inact.141
0.0505329208837437,0.0477253036804033,inadur.141
0.0421232059055811,0.07914557714755,inadist.141
0.173571000193788,0.165467139894282,smlct.141
0.00987646125578758,0.0404966920290686,smldur.141
0.663983099656191,0.0297031761344867,smldist.141
0.456378530991802,-0.0481591417726445,larct.141
0.492465708831194,-0.051788741673334,lardur.141
0.317815386351806,-0.0857532623610251,lardist.141
0.584707388262762,-0.0591235971187586,inact.142
0.34904356652888,-0.153714820832554,inadur.142
0.161687721792892,-0.0245957286047025,inadist.142
0.25246784195596,-0.12361801533387,smlct.142
0.240911755665853,-0.0838985338327284,smldur.142
1.20896072726426,-0.112100095405142,smldist.142
0.293504056213006,0.159158698490834,larct.142
0.500159418881732,-0.0752413520665944,lardur.142
0.338396368889405,-0.106130020529928,lardist.142
0.594373162661671,-0.0887994272965995,inact.143
0.413396959735863,-0.0899353945508573,inadur.143
0.340207140913335,-0.0810556443342748,inadist.143
0.0471607049701132,-0.0663744315237674,smlct.143
0.133232226852115,-0.0122125664257201,smldur.143
1.14587264344394,-0.0807554925939932,smldist.143
0.287089075432952,0.308864052677346,larct.143
0.419275588440234,-0.00609214800535333,lardur.143
0.176060502745205,0.0125190941928147,lardist.143
0.275517978660506,-0.021621531426176,inact.144
0.0794729391032739,0.132249848098183,inadur.144
0.117392161287941,-0.0366699970188522,inadist.144
0.425828433617563,-0.268571368364974,smlct.144
0.324457807115928,-0.0639820332112601,smldur.144
1.32852767200201,-0.0497204191337124,smldist.144
0.502567969541914,0.0258372331145139,larct.144
0.537562333259045,-0.00619017157570829,lardur.144
0.446526789251577,-0.0277767091725887,lardist.144
0.279977374638256,-0.0206541940848697,inact.145
0.00299024415094028,0.130706013922743,inadur.145
0.0906577803994334,0.115312760251887,inadist.145
0.037889001925239,-0.0403832795466143,smlct.145
0.000499847052114512,0.0259822500679415,smldur.145
0.684397990589069,-0.0484144826268757,smldist.145
0.674518996491873,-0.401746508041251,larct.145
0.571667972284795,-0.0718016045020613,lardur.145
0.571667972284795,-0.230744343641767,lardist.145
0.740117805867581,-0.215228759931201,inact.146
0.259177496294562,-0.128506904640694,inadur.146
0.35107473211589,-0.123235347116651,inadist.146
0.00975044065705927,0.140999281120878,smlct.146
0.00150687139131178,0.104179385107184,smldur.146
0.621554903389796,0.0960012068479089,smldist.146
0.437646433260681,0.0258372331145139,larct.146
0.409089370809506,0.0396013895761158,lardur.146
0.323822701652281,0.012871821287228,lardist.146
0.491621051549896,-0.0370446739173192,inact.147
0.321700454216202,-0.0744700176422894,inadur.147
0.147945020659176,-0.0139574797038605,inadist.147
0.0246406483741301,-0.024959166107865,smlct.147
0.0160284513258183,0.0820057677560492,smldur.147
0.929603179752594,-0.011589138634414,smldist.147
0.588597337693223,-0.284652319956207,larct.147
0.507771327017596,-0.0534829494410608,lardur.147
0.431108371924692,-0.0920180492302912,lardist.147
0.209241348151177,0.1677524834515,inact.148
0.156682328643974,0.0692750257512095,inadur.148
0.0141672589258519,0.104854252990332,inadist.148
0.0311027668759644,0.183736758930276,smlct.148
0.00299024415094028,0.124464585302215,smldur.148
0.78695616584126,-0.0102985723445617,smldist.148
0.520331556266458,-0.043566228006231,larct.148
0.403652858039089,0.061963418225579,lardur.148
0.320828947935765,0.0527817360750949,lardist.148
0.147945020659176,0.0195600163630158,inact.149
0.0776206658599144,0.221314002653872,inadur.149
0.121231531914009,0.173358777046791,inadist.149
0.0332516491828942,-0.0260556691917619,smlct.149
0.000499847052114512,0.052503169339359,smldur.149
0.672679483454546,0.0294235699260112,smldist.149
0.464937113367517,-0.048159141772645,larct.149
0.470909111619377,-0.0752413520665944,lardur.149
0.38868362830859,-0.0881539137979963,lardist.149
0.188424994129407,0.116856630680397,inact.150
0.0184834056940131,0.0675863776930185,inadur.150
0.030488080110619,0.07914557714755,inadist.150
0.0765501140124078,0.0381623751693357,smlct.150
0.184964188985955,-0.0122125664257198,smldur.150
1.10696347242493,-0.0248966217505037,smldist.150
0.368483807718859,0.256654843667067,larct.150
0.492291086882446,-0.0301315686362071,lardur.150
0.242658625469605,0.0134398247518428,lardist.150
0.516236554384642,-0.0887994272965998,inact.151
0.0287633634403245,0.0606400608711338,inadur.151
0.118273465495193,-0.0137297696246441,inadist.151
0.0957992848274134,-0.109013827266787,smlct.151
0.131035843514929,0.000884352208346063,smldur.151
1.22018159024889,-0.173665086042545,smldist.151
0.431108371924692,-0.0435662280062315,larct.151
0.454663136318033,-0.00609214800535365,lardur.151
0.324006391303417,-0.068436268338312,lardist.151
0.830514107542846,-0.205235438281064,inact.152
0.251190705015958,0.0373388739841708,inadur.152
0.360151447782638,-0.00205351059678206,inadist.152
0.0670903817899319,-0.00504002494908636,smlct.152
0.0118909162926608,0.0271659424094313,smldur.152
0.886625654629329,0.080723644845977,smldist.152
0.38868362830859,0.175542587301025,larct.152
0.263461298494287,0.109050370993939,lardur.152
0.138035635270732,0.246947333475171,lardist.152
0.423661439088281,-0.0337148530025644,inact.153
0.14410041231218,0.0562658305693488,inadur.153
0.299200551866869,0.00972759197895959,inadist.153
0.102865172669996,0.0867551600347271,smlct.153
0.0370661985098819,0.0494078094513561,smldur.153
0.61573909344083,0.124124651255465,smldist.153
0.1838798713144,0.519749593983794,larct.153
0.237937653501461,0.0814435438604356,lardur.153
0.0635977437191014,0.0891720835357514,lardist.153
0.282006758350551,0.0466036691764361,inact.154
0.0537754625765232,0.119470393768039,inadur.154
0.156159460022227,0.126539277587274,inadist.154
0.0089187491991842,0.0365217719020988,smlct.154
0.147945020659176,0.1559224974369,smldur.154
0.63230531571039,0.0673226067485493,smldist.154
0.571667972284795,-0.190474325341972,larct.154
0.561373617065124,-0.0752413520665942,lardur.154
0.38435049817006,-0.089405375868377,lardist.154
0.780614231431075,-0.152668552761172,inact.155
0.193689234121764,-0.167039282008915,inadur.155
0.524791939924618,-0.120203698819275,inadist.155
0.176060502745205,-0.0654430769853046,smlct.155
0.312435119381689,-0.0247370339108253,smldur.155
1.06409894675779,0.00224216870332206,smldist.155
0.571667972284795,-0.25669169369672,larct.155
0.578414385815205,-0.115800013721876,lardur.155
0.431108371924692,-0.123389846409854,lardist.155
0.35107473211589,0.00521008365983641,inact.156
0.284445307729381,-0.0852309092243764,inadur.156
0.0214962460077021,0.0918414477858747,inadist.156
0.0692086278352264,-0.0627995255187214,smlct.156
0.0104217552629715,0.101453636571347,smldur.156
0.712275471115556,0.104090111077266,smldist.156
0.411728293157671,0.0271640364110897,larct.156
0.538519034627564,-0.0740587181992992,lardur.156
0.396416870026141,-0.0857532623610251,lardist.156
0.560759285698191,-0.142688454659354,inact.157
0.105337648589197,0.105860661306768,inadur.157
0.179411459067187,0.055089463238682,inadist.157
0.141929534857768,-0.170393950049246,smlct.157
0.260057080963628,-0.143178039015485,smldur.157
1.06248210798265,-0.159355770110203,smldist.157
0.284445307729381,0.211791786351757,larct.157
0.3381552620267,0.0814435438604359,lardur.157
0.228126223045738,0.051354617939607,lardist.157
0.418216910542456,0.0436972753463803,inact.158
0.153708842526806,0.118987316088048,inadur.158
0.0957314655225137,0.0804374461243111,inadist.158
0.00838085655590267,-0.0806030204442207,smlct.158
0.0184834056940131,-0.0486063139927421,smldur.158
0.866120950740344,-0.203153237448385,smldist.158
0.431108371924692,-0.0457476860374912,larct.158
0.515842408257055,-0.0526222110361178,lardur.158
0.325178928769361,-0.0477675787639546,lardist.158
0.271644008497765,0.0865104200228935,inact.159
0.0546902300259792,0.0447183162595734,inadur.159
0.0101683140040736,0.0435177652492353,inadist.159
0.000565435097695256,-0.112761552979844,smlct.159
0.0278047607579845,-0.0948142191528333,smldur.159
0.672679483454546,-0.204869883586509,smldist.159
0.464937113367517,-0.115151147158236,larct.159
0.579259208101445,-0.0990815195386869,lardur.159
0.418216910542456,-0.089405375868377,lardist.159
0.403652858039089,-0.116824176914648,inact.160
0.000273632171547012,0.249898255789873,inadur.160
0.156832481014176,0.0338980314799128,inadist.160
0.121231531914009,0.0717137616393041,smlct.160
0.00252379170064824,0.0862364415134598,smldur.160
0.639632420607334,0.0644132526820409,smldist.160
0.321700454216202,0.294378684029261,larct.160
0.409089370809506,0.0389839891584299,lardur.160
0.138175098733437,0.202219656201851,lardist.160
0.492291086882446,-0.126261611127275,inact.161
0.163640928416235,-0.115301751642549,inadur.161
0.220338158591118,-0.0492401109481147,inadist.161
0.0362383263072727,-0.00444153440719041,smlct.161
0.0471607049701132,0.0244884185197669,smldur.161
0.677272461226913,-0.139768497750566,smldist.161
0.265050876131256,0.256654843667066,larct.161
0.299790923548433,0.0629527703809698,lardur.161
0.206096220174792,0.0344089322819078,lardist.161
0.382785139496175,0.00540528800782403,inact.162
0.101428071772764,0.166251023600199,inadur.162
0.000386641006532829,0.129691425316565,inadist.162
0.063620209452021,-0.0246138904129597,smlct.162
0.224026760610038,-0.0759327683167449,smldur.162
1.05722365483442,-0.131156005678814,smldist.162
0.601988655177687,-0.284652319956207,larct.162
0.539556133074916,-0.0752413520665944,lardur.162
0.396416870026141,-0.0477675787639549,lardist.162
0.571667972284795,-0.204575040574601,inact.163
0.222934215019969,-0.038178922676681,inadur.163
0.0776206658599144,-0.00186262211360848,inadist.163
0.527045197410601,-0.472633136160969,smlct.163
0.551235362049727,-0.280660163285513,smldur.163
1.3194378784499,-0.327641883491544,smldist.163
0.547575407259189,-0.305328606733544,larct.163
0.562039230787782,-0.0975113285925601,lardur.163
0.489170113114165,-0.149853198181753,lardist.163
0.474205551061776,0.00521008365983673,inact.164
0.208949522700799,0.0380210538750274,inadur.164
0.0365711308167569,0.020489184781332,inadist.164
0.162465764178104,-0.0448840520278373,smlct.164
0.13644652727051,0.0133517529281505,smldur.164
1.11199868380228,-0.0488421042460803,smldist.164
0.614496627594422,-0.354055781076951,larct.164
0.514457258763444,-0.0752413520665945,lardur.164
0.396416870026141,-0.0491427339860975,lardist.164
0.259177496294562,0.0895455511701497,inact.165
0.118273465495193,-0.0673988863451071,inadur.165
0.266903308571882,-0.0244037029659179,inadist.165
0.138035635270732,0.276473412980258,smlct.165
0.0365711308167569,0.108822058610214,smldur.165
0.621191972697832,0.0901404566952402,smldist.165
0.190266184547847,0.308864052677346,larct.165
0.35107473211589,0.107335496243503,lardur.165
0.0433293201991005,0.131210584924594,lardist.165
0.538519034627564,-0.306408312007076,inact.166
0.244101604693263,-0.0242048983944,inadur.166
0.201957069044481,-0.102091526230494,inadist.166
0.127920130664953,-0.190059157933933,smlct.166
0.130009138399759,-0.0853303784782594,smldur.166
0.77768978721694,-0.112100095405141,smldist.166
0.514104820972832,0.0235378690153411,larct.166
0.38435049817006,0.0619634182255787,lardur.166
0.248840916601062,0.113748796890329,lardist.166
0.541751483107511,-0.0833562015098155,inact.167
0.226789581995026,-0.00595501018630517,inadur.167
0.192052273978302,-0.00189193357059749,inadist.167
0.00838085655590267,0.0350164203833454,smlct.167
0.0534128077387245,-0.0115822725137359,smldur.167
1.006504191413,-0.0237775157527613,smldist.167
0.514104820972832,-0.121070864221227,larct.167
0.456378530991802,-0.0517887416733336,lardur.167
0.247188334705819,-0.0869370135156922,lardist.167
0.25246784195596,0.0282056488583009,inact.168
0.0287633634403245,0.0344109804126873,inadur.168
0.114890729612709,0.00920616851499848,inadist.168
0.271644008497765,0.286008329837579,smlct.168
0.0944212126043617,0.132857795094759,smldur.168
0.539556133074916,0.117367813158401,smldist.168
0.431108371924692,-0.165543449703088,larct.168
0.501354213093096,0.0389839891584299,lardur.168
0.202231449552132,0.071345487530973,lardist.168
0.628597775681604,-0.159990683949017,inact.169
0.175435905568081,0.0235427556512508,inadur.169
0.189530949161337,-0.00180664201965652,inadist.169
0.00479561629396423,-0.0216226977534737,smlct.169
0.0307948305466542,0.0125872704257473,smldur.169
0.810867795006957,-0.123179196755074,smldist.169
0.454663136318033,-0.0365876721168903,larct.169
0.506010819993042,0.0161155688150577,lardur.169
0.211276307318233,-0.025283330794802,lardist.169
0.63230531571039,-0.173911609364097,inact.170
0.498519399420893,-0.170584896452841,inadur.170
0.266903308571882,-0.066857708737848,inadist.170
0.0505329208837437,-0.0673326828398049,smlct.170
0.0141672589258519,0.0137085750538483,smldur.170
0.909537743542686,-0.0515753619290666,smldist.170
0.382785139496175,0.0271640364110903,larct.170
0.441464617800421,-0.0291696006428569,lardur.170
0.266903308571882,0.0132450010403521,lardist.170
0.338396368889405,0.0444900088141057,inact.171
0.117685215481654,-0.0226189334069105,inadur.171
0.00111625172741912,-0.00183420503668484,inadist.171
0.0433293201991005,-0.105952767694562,smlct.171
0.0243268497329823,-0.0121027963612103,smldur.171
0.821961228793314,-0.153614551112603,smldist.171
0.374027851266626,0.0235378690153418,larct.171
0.4921193814748,-0.0274188786395282,lardur.171
0.369569315362253,0.0685460210812385,lardist.171
0.535003634722771,0.0169358080620402,inact.172
0.488182020200309,-0.244238582299863,inadur.172
0.295634963777275,-0.0798040632471268,inadist.172
0.00821510510454797,-0.190059157933933,smlct.172
0.142470499944622,-0.169460521668492,smldur.172
1.12540849812723,-0.279027612331964,smldist.172
0.538519034627564,-0.115151147158236,larct.172
0.491621051549896,-0.0509812655617955,lardur.172
0.396416870026141,-0.0458433475731579,lardist.172
0.491621051549896,-0.223644873187653,inact.173
0.413396959735863,-0.163705493221616,inadur.173
0.748883454667852,-0.140430061818343,inadist.173
0.0701999470283351,-0.101670603388537,smlct.173
0.102865172669996,-0.0121027963612103,smldur.173
0.87510631702335,-0.162953535362793,smldist.173
0.539556133074916,-0.25669169369672,larct.173
0.468473065435234,-0.00599718052150949,lardur.173
0.299790923548433,0.0487200445560901,lardist.173
0.0941708469992934,0.116708319275573,inact.174
0.0160284513258183,0.128629787847612,inadur.174
0.109228026730013,0.053401692622768,inadist.174
0.062285011965889,0.259333876931197,smlct.174
0.0166318652864567,0.074978841964025,smldur.174
0.672679483454546,-0.036259237860759,smldist.174
0.446526789251577,0.139616907405309,larct.174
0.464937113367517,-0.0278365566313446,lardur.174
0.314343754541427,-0.0622914085436296,lardist.174
0.25246784195596,-0.0191148555976734,inact.175
0.0307948305466542,0.0813439134498666,inadur.175
0.243267214564726,-0.0451697341076765,inadist.175
0.0620862740967998,-0.148998249502414,smlct.175
0.0812958159396642,0.0502543134184784,smldur.175
1.006504191413,0.00220111820393474,smldist.175
0.452987575002943,0.159158698490834,larct.175
0.527045197410601,-0.0517887416733336,lardur.175
0.35738055972208,0.012871821287228,lardist.175
0.321263427376958,-0.0322647763447086,inact.176
0,0.250417688493896,inadur.176
0.0303351474400184,0.140808805160264,inadist.176
0.0051103755115757,0.0360058094126519,smlct.176
0.0559766557423612,-0.0891334090892064,smldur.176
0.900980294173396,-0.0111588693941062,smldist.176
0.507771327017596,-0.20054435162089,larct.176
0.439277161002119,-0.00619017157570781,lardur.176
0.313906259830001,-0.166708837630764,lardist.176
0.396416870026141,-0.0212239230121165,inact.177
0.0957992848274134,0.032938673561061,inadur.177
0.156533195501661,0.0785150835917382,inadist.177
0.005034496332226,0.0717137616393032,smlct.177
0.0489275373501818,0.128885672919891,smldur.177
0.554999496003029,0.0799975974383726,smldist.177
0.35107473211589,0.211791786351757,larct.177
0.519491816167686,-0.0282671570474751,lardur.177
0.368575812261156,-0.0846013236475993,lardist.177
0.661439414634426,-0.105854890632456,inact.178
0.156533195501661,-0.0885934013446589,inadur.178
0.395544555925433,-0.0810556443342741,inadist.178
0.29836560398257,-0.120308445320554,smlct.178
0.313222243692343,-0.0377004430101744,smldur.178
1.32852767200201,-0.182937501527669,smldist.178
0.412390749704419,0.243742825179475,larct.178
0.501354213093096,0.0396013895761158,lardur.178
0.332712510875594,0.0542904487836123,lardist.178
0.909537743542686,-0.155169595184178,inact.179
0.524791939924618,-0.0985398124605485,inadur.179
0.403652858039089,-0.0476777816454975,inadist.179
0.571667972284795,-0.314801925128416,smlct.179
0.588637313973015,-0.177899024795314,smldur.179
1.5016894462104,-0.319188499404737,smldist.179
0.468473065435234,0.0258372331145123,larct.179
0.419275588440234,0.0619634182255787,lardur.179
0.22947105369295,0.112177941691567,lardist.179
0.282006758350551,-0.0214208822701611,inact.180
0.0872601376088162,0.156273717550125,inadur.180
0.13644652727051,0.14188877396125,inadist.180
0.063620209452021,0.0567919335169763,smlct.180
0.132195123901684,0.100576488612989,smldur.180
0.767609811550436,-0.0372505815800232,smldist.180
0.514104820972832,-0.25669169369672,larct.180
0.395544555925433,0.0610046863715,lardur.180
0.284445307729381,-0.00682694227905025,lardist.180
0.401210313898396,0.031836602263309,inact.181
0.0191713797049659,0.115152422929931,inadur.181
0.10579723762388,0.115312760251887,inadist.181
0.280730855086958,-0.105952767694562,smlct.181
0.300384130617331,-0.0773045759338907,smldur.181
0.92086949225279,-0.181273657524703,smldist.181
0.544781699335223,-0.269947812741635,larct.181
0.514104820972832,-0.0945157130163825,lardur.181
0.375667410257914,-0.10760570309005,lardist.181
0.514104820972832,-0.0723035746537961,inact.182
0.119650053004786,-0.0888142778307085,inadur.182
0.0941708469992934,-0.00187716342621701,inadist.182
0.188873734642624,-0.00456191578744875,smlct.182
0.198024814422351,0.013587533934256,smldur.182
1.12540849812723,-0.0890516864771558,smldist.182
0.256725642312579,0.389976309043388,larct.182
0.324457807115928,0.105673744836525,lardur.182
0.0388910316077581,0.0903781307640003,lardist.182
0.746780900527753,-0.136323611273969,inact.183
0.452354818765211,-0.00256087416626393,inadur.183
0.255213079397975,-0.013295935232161,inadist.183
0.282006758350551,0.0856740140361842,smlct.183
0.192052273978302,0.0489951633122613,smldur.183
1.04254156250264,-0.0467763470485778,smldist.183
0.601988655177687,-0.244679523255345,larct.183
0.538519034627564,-0.0509812655617959,lardur.183
0.401210313898396,-0.0471084660547363,lardist.183
0.539556133074916,0.0049003853176387,inact.184
0.293504056213006,-0.16124692184576,inadur.184
0.000386641006532829,-0.0244037029659179,inadist.184
0.34904356652888,-0.271145144821383,smlct.184
0.33995666780534,-0.121769855495785,smldur.184
1.20896072726426,-0.108288047030377,smldist.184
0.431108371924692,-0.146388493683261,larct.184
0.538519034627564,-0.0479883999497516,lardur.184
0.432839571644504,-0.114181439510964,lardist.184
0.4921193814748,-0.0647669726981012,inact.185
0.344015974062549,-0.0162470345453216,inadur.185
0.38435049817006,-0.0684000615855633,inadist.185
0.00201408528217346,-0.0393956824925341,smlct.185
0.00299024415094028,0.049827466086079,smldur.185
0.556107641599074,0.00208651596075757,smldist.185
0.538519034627564,-0.115151147158237,larct.185
0.518684607452639,-0.00609214800535333,lardur.185
0.429240001409735,-0.0484453987469463,lardist.185
0.909537743542686,-0.175774768846624,inact.186
0.313222243692343,-0.0300031747430816,inadur.186
0.159156803498277,-0.00184830435576176,inadist.186
0.030488080110619,0.104311855968201,smlct.186
0.156533195501661,0.094070185194423,smldur.186
0.546788415823216,-0.0467763470485775,smldist.186
0.393071713638141,0.0258372331145142,larct.186
0.395544555925433,0.0396013895761161,lardur.186
0.254822055833662,0.0743834074934523,lardist.186
0.214377291389343,0.0421936486263912,inact.187
0.115947434376288,0.0256032321835902,inadur.187
0.196136128770415,-0.0132959352321607,inadist.187
0.0885284519690149,0.0901688150357546,smlct.187
0.238307245043118,0.141081945597512,smldur.187
0.467686245031216,0.105963237526556,smldist.187
0.431108371924692,0.0897552373700892,larct.187
0.419306695296263,0.0383855453410231,lardur.187
0.35107473211589,0.0308096417697783,lardist.187
0.452354818765211,0.00507268891841852,inact.188
0.0101683140040736,0.123967625385054,inadur.188
0.0765501140124078,0.0743681010075004,inadist.188
0.0440161310428183,0.0681173181027104,smlct.188
0.00252379170064824,0.0248974064308813,smldur.188
0.623503259877943,0.129236178572234,smldist.188
0.410069321768864,0.0858461321051867,larct.188
0.491621051549896,0.0161155688150577,lardur.188
0.238899806542501,0.0121851831878695,lardist.188
0.0765102110605505,0.0866379113077702,inact.189
0.0263860864929301,0.126930620841613,inadur.189
0.15464566344133,0.162796483740826,inadist.189
0.102410921771599,0.121657464130008,smlct.189
0.0276558076645296,0.0248974064308813,smldur.189
0.571667972284795,0.0398190795013268,smldist.189
0.394998323131134,0.0246340098722198,larct.189
0.35738055972208,-0.00572924924165303,lardur.189
0.224026760610038,0.0120248194066609,lardist.189
0.063642731845229,0.0918577098975838,inact.190
0.239494390060714,0.147483210786737,inadur.190
0.0287633634403245,0.0322912479138489,inadist.190
0.0110081499716308,0.0707795042312398,smlct.190
0.0101683140040736,0.0972145551817904,smldur.190
0.676956460414564,-0.0242128638704837,smldist.190
0.506010819993042,-0.10489436622489,larct.190
0.514104820972832,-0.0278365566313449,lardur.190
0.431108371924692,-0.171285995535051,lardist.190
0.381702110301732,-0.00713842482619112,inact.191
0.0678637627331618,-0.0941331369425828,inadur.191
0.0957314655225137,0.0206491472817115,inadist.191
0.0528655785588144,0.180241087995998,smlct.191
0.0570805206580659,0.106170979324923,smldur.191
0.588557520924315,0.154911176294901,smldist.191
0.614599993079468,-0.039773138727019,larct.191
0.460332950751116,0.0163648481279532,lardur.191
0.418216910542456,0.104932698103214,lardist.191
0.148618548765066,0.191455662348335,inact.192
0.147945020659176,0.250737087744956,inadur.192
0.266903308571882,0.119748488370345,inadist.192
0.313906259830001,0.18902673094203,smlct.192
0.118273465495193,0.0347680038665921,smldur.192
0.540918722918295,0.0633187334912313,smldist.192
0.457447819254674,0.12905495194582,larct.192
0.405825811827239,0.0383855453410234,lardur.192
0.368483807718859,0.175063477922415,lardist.192
0.866120950740344,-0.285219532840213,inact.193
0.00821510510454797,-0.0466356792230546,inadur.193
0.0492826274627916,0.0862332900022368,inadist.193
0.431108371924692,-0.227345543856751,smlct.193
0.431108371924692,-0.11776492013138,smldur.193
1.33684482658723,-0.119042266465356,smldist.193
0.538519034627564,-0.258034534181695,larct.193
0.547575407259189,-0.0903522980072281,lardur.193
0.382785139496175,-0.0792767477076799,lardist.193
0.833861400898767,-0.153855011406082,inact.194
0.457447819254674,-0.181473821240126,inadur.194
0.514104820972832,-0.122498321885483,inadist.194
0.0252696614683639,0.0867551600347268,smlct.194
0.0469840644537987,-0.0354873226404236,smldur.194
0.909537743542686,0.001999750990915,smldist.194
0.527045197410601,-0.165543449703089,larct.194
0.312044837167657,0.0839841154386493,lardur.194
0.368095623571955,-0.027015507344896,lardist.194
0.403930372361225,-0.0525663926122152,inact.195
0.187770910128304,0.136060830437177,inadur.195
0.125324604676246,0.0830633024819411,inadist.195
0.0204294020564653,-0.0595900774371832,smlct.195
0.220338158591118,-0.0364031637315808,smldur.195
0.958468458039563,-0.158757350082238,smldist.195
0.509075347803145,-0.152260708673644,larct.195
0.519677416092225,-0.0494395758525993,lardur.195
0.467686245031216,-0.0256117646421677,lardist.195
0.796272156857763,-0.208137004948331,inact.196
0.312435119381689,-0.142388252784941,inadur.196
0.26459270886243,-0.104513005937878,inadist.196
0.0957992848274134,-0.0775325270492566,smlct.196
0.0831310067101551,-0.046609924861227,smldur.196
1.03169442309726,-0.0677502924626762,smldist.196
0.524791939924618,-0.152260708673645,larct.196
0.432839571644504,-0.0278365566313449,lardur.196
0.376707234505021,-0.290750715109102,lardist.196
0.476708623351896,-0.182988333107482,inact.197
0.162465764178104,-0.0597404444174208,inadur.197
0.244101604693263,-0.0584280827835812,inadist.197
0.492465708831194,-0.398856586287338,smlct.197
0.409089370809506,-0.166399446651159,smldur.197
1.30675836413918,-0.221735446381633,smldist.197
0.477993207220606,-0.206116779575085,larct.197
0.446734535958195,0.0154113061046002,lardur.197
0.382785139496175,-0.0578400169356697,lardist.197
0.546788415823216,-0.126192310962237,inact.198
0.240911755665853,0.0115178217927297,inadur.198
0.254822055833662,-0.0982958985420551,inadist.198
0.12301962397638,-0.185281967857982,smlct.198
0.299200551866869,-0.116804535350656,smldur.198
1.04120986280995,-0.0844720592201377,smldist.198
0.425828433617563,0.0858461321051874,larct.198
0.452987575002943,0.0163648481279532,lardur.198
0.245947179588168,0.0879978103732915,lardist.198
0.48551450731859,-0.0334145027681259,inact.199
0.162465764178104,-0.0166458880185485,inadur.199
0.0773976039774593,0.0203316816293144,inadist.199
0.118169588097166,0.0878639499226773,smlct.199
0.005034496332226,-0.0116827642685372,smldur.199
0.935848111915228,-0.11410862249354,smldist.199
0.240911755665853,0.269145283502416,larct.199
0.131678194378049,0.186505185359668,lardur.199
0.0846126232387069,0.177299580760384,lardist.199
0.149734247906322,0.108314702453269,inact.200
0.0885284519690149,-0.012418227736836,inadur.200
0.0300119630084807,0.00906730274994506,inadist.200
0.197287373519831,0.126274756931195,smlct.200
0.106530703091134,0.136363967184067,smldur.200
0.541197987494073,0.0136024118763376,smldist.200
0.242498023302233,0.354106969921083,larct.200
0.492824004784886,-0.0296427819689685,lardur.200
0.324006391303417,0.0334325031569079,lardist.200
0.192763776248835,0.105645302543661,inact.201
0.0985900711260781,0.00809610375433467,inadur.201
0.12301962397638,-0.012988135227924,inadist.201
0.0218061821581272,0.176810952099309,smlct.201
0.079699571329822,0.0988669386532504,smldur.201
0.703221697488343,0.0394749960753515,smldist.201
0.596900413218725,-0.233743687581538,larct.201
0.524791939924618,-0.0282671570474751,lardur.201
0.464937113367517,-0.104694282357439,lardist.201
0.755398657845359,-0.269662498055806,inact.202
0.22601520174662,0.0238628240178159,inadur.202
0.163831364391077,0.020176581540423,inadist.202
0.171923626427502,0.0143104989145486,smlct.202
0.311151723501228,-0.12074328478244,smldur.202
1.00874944115042,-0.148272983276332,smldist.202
0.402126605421227,0.14557441799701,larct.202
0.524791939924618,-0.0509812655617957,lardur.202
0.254822055833662,-0.0458433475731582,lardist.202
0.313222243692343,-0.0505636264786128,inact.203
0.205599866583066,0.00777366336584272,inadur.203
0.0994423495234515,0.0855800770302789,inadist.203
0.0528655785588144,0.0479261262700422,smlct.203
0.0957992848274134,0.0494078094513558,smldur.203
0.674090022392363,-0.0102985723445615,smldist.203
0.880661615806457,-0.43885378381062,larct.203
0.536329759204433,-0.0287112890358304,lardur.203
0.524791939924618,-0.0857532623610251,lardist.203
0.554999496003029,-0.261003505025357,inact.204
0.0635977437191014,-0.00229336052835057,inadur.204
0.119650053004786,-0.0339452008964113,inadist.204
0.312435119381689,-0.192541477297564,smlct.204
0.477993207220606,-0.132357017624915,smldur.204
1.32852767200201,-0.219873204754532,smldist.204
0.581176890077729,-0.244679523255345,larct.204
0.529542086090609,-0.0278365566313446,lardur.204
0.418216910542456,-0.00691620058975327,lardist.204
0.571667972284795,-0.122898334355857,inact.205
0.0692086278352264,-0.066078013598879,inadur.205
0.360793393414084,-0.0705707636551697,inadist.205
0.369569315362253,-0.192530263708202,smlct.205
0.263461298494287,-0.0517069292849269,smldur.205
1.30675836413918,-0.106422066124279,smldist.205
0.538519034627564,-0.10489436622489,larct.205
0.484984888116473,-0.0472942994878157,lardur.205
0.35107473211589,-0.0968346519360618,lardist.205
0.382625911453364,-0.0208406743960568,inact.206
0.197287373519831,-0.0444369353482419,inadur.206
0.538519034627564,-0.0920121715183202,inadist.206
0.0409281137537497,0.0698692807199499,smlct.206
0.00821510510454797,0.0618209561550865,smldur.206
0.77768978721694,0.0759015998765524,smldist.206
0.393071713638141,-0.0963159580087127,larct.206
0.515741700455817,-0.11406075521016,lardur.206
0.396416870026141,-0.00673995849757767,lardist.206
0.274784824804155,0.0987551696854138,inact.207
0.0035054321920676,0.0768779382505433,inadur.207
0.224026760610038,-0.012232956653859,inadist.207
0.0923753355482793,0.0137757930501257,smlct.207
0.0887691691386686,0.000803122231374187,smldur.207
0.831321239428774,0.026437228741263,smldist.207
0.321263427376958,0.0235378690153421,larct.207
0.368483807718859,0.0378051982129337,lardur.207
0.231394067522587,0.0118686217733636,lardist.207
0.315529792494214,-0.0915831015057168,inact.208
0.127920130664953,-0.0910919733074463,inadur.208
0.348193426209086,-0.0892240569453967,inadist.208
0.014395571990667,0.21313856583023,smlct.208
0.0412695108244936,0.0489951633122606,smldur.208
0.428798022291145,0.102282084600351,smldist.208
0.315529792494214,0.377434410414467,larct.208
0.362679910145091,0.0839841154386493,lardur.208
0.245947179588168,0.268050843482295,lardist.208
0.578341544348391,-0.0652904698867636,inact.209
0.00657709019318172,0.0176855269479772,inadur.209
0.0556099223733987,0.0409403299893144,inadist.209
0.225126459377592,-0.0236330976052632,smlct.209
0.116237866662548,0.000830874189994958,smldur.209
1.14644634825908,-0.0906906448143061,smldist.209
0.546966256609217,-0.181368515512984,larct.209
0.538519034627564,-0.0509812655617959,lardur.209
0.3381552620267,-0.0647843675695728,lardist.209
0.847736026116201,-0.159990683949018,inact.210
0.502567969541914,-0.178797824702182,inadur.210
0.536329759204433,-0.131976810266526,inadist.210
0.254822055833662,0.013775793050126,smlct.210
0.1838798713144,-0.0697446457936416,smldur.210
0.989704555252827,-0.0471753987141686,smldist.210
0.26643720991018,0.354106969921083,larct.210
0.556107641599074,-0.0729126937951275,lardur.210
0.360151447782638,-0.0452359342507231,lardist.210
0.312435119381689,0.054842084059329,inact.211
0.248212904355356,-0.0301473091608001,inadur.211
0.0457574905606752,0.0201765815404234,inadist.211
0.0113019811951734,0.105636934661737,smlct.211
0.0874987782240948,0.0133517529281505,smldur.211
1.14644634825908,-0.0624139967979799,smldist.211
0.504276566310074,-0.16554344970309,larct.211
0.554999496003029,-0.0945157130163825,lardur.211
0.353502761585913,-0.141846234925605,lardist.211
1.03169442309726,-0.228956985375783,inact.212
0.584707388262762,-0.147997496506335,inadur.212
0.67043516894105,-0.142305788376026,inadist.212
0.0385533884693473,-0.156334072397093,smlct.212
0.181728503852135,-0.0838985338327287,smldur.212
1.006504191413,-0.0859453364679206,smldist.212
0.748883454667852,-0.320342797271539,larct.212
0.674090022392363,-0.089044849351542,lardur.212
0.561373617065124,-0.0773300167282376,lardist.212
0.491621051549896,0.0157474158641717,inact.213
0.528715822824572,-0.028120931184994,inadur.213
0.347067947636989,-0.00176681648890076,inadist.213
0.290024791360892,-0.106106000090276,smlct.213
0.369569315362253,-0.0554992085175837,smldur.213
1.32852767200201,-0.145739240073559,smldist.213
0.446734535958195,-0.100422222205217,larct.213
0.337407111154401,0.0383855453410231,lardur.213
0.159156803498277,0.0120248194066615,lardist.213
0.00299024415094028,0.004516828517077,inact.214
0.0469840644537987,0.127107168890119,inadur.214
0.0141672589258519,0.0529957877199178,inadist.214
0.0754884087804514,-0.0573903516952623,smlct.214
0.337407111154401,-0.128055968957479,smldur.214
1.30675836413918,-0.349094909148322,smldist.214
0.452987575002943,0.0258372331145123,larct.214
0.410069321768864,0.0396013895761161,lardur.214
0.278479270770993,0.054290448783612,lardist.214
0.571667972284795,-0.118373230171319,inact.215
0.299790923548433,-0.0919710257496064,inadur.215
0.460332950751116,-0.0649062976901915,inadist.215
0.22947105369295,-0.0746874343752748,smlct.215
0.439277161002119,-0.0697446457936413,smldur.215
1.14644634825908,-0.118051114329679,smldist.215
0.607840115953369,-0.380651784917278,larct.215
0.489742031761473,0.0383855453410234,lardur.215
0.358007138272855,-0.0615025247178483,lardist.215
0.544241796895863,-0.00719778240914831,inact.216
0.337407111154401,-0.0163252687467739,inadur.216
0.22163230581327,-0.00187716342621701,inadist.216
0.330666399956377,-0.0603612826101062,smlct.216
0.112515086338632,-0.023686645087258,smldur.216
1.32852767200201,-0.135136334347789,smldist.216
0.516236554384642,-0.0351789256311635,larct.216
0.539556133074916,-0.11406075521016,lardur.216
0.381702110301732,-0.210651384931927,lardist.216
1.17694517644598,-0.274211739596496,inact.217
0.524195189094947,0.0498549570685563,inadur.217
0.586680738534655,-0.0942203939768689,inadist.217
0.337407111154401,-0.322901770396059,smlct.217
0.345393281233051,-0.0896157739437276,smldur.217
1.24412514432751,-0.103032696664742,smldist.217
1.01134718219992,-0.548654605376991,larct.217
0.821961228793314,-0.136774863724481,lardur.217
0.677272461226913,-0.230744343641767,lardist.217
1.12039110885758,-0.274211739596496,inact.218
0.650694975967921,-0.239564490164589,inadur.218
0.669260457649143,-0.160356627328472,inadist.218
0.349627878834037,-0.211005748778211,smlct.218
0.239494390060714,0.0125872704257467,smldur.218
1.15709305079806,-0.0711896041322733,smldist.218
0.538519034627564,-0.27969019926136,larct.218
0.560759285698191,-0.091698726560697,lardur.218
0.457447819254674,-0.155929737050616,lardist.218
0.422907367913213,-0.178334404121869,inact.219
0.460332950751116,-0.287601555367881,inadur.219
0.561373617065124,-0.200249204681988,inadist.219
0.192763776248835,-0.131701166822402,smlct.219
0.2120889123272,-0.0227218281720016,smldur.219
1.01134718219992,-0.069427371802906,smldist.219
0.405205560283369,0.166949193441545,larct.219
0.431108371924692,-0.0287112890358306,lardur.219
0.192303117119071,-0.0266503405589222,lardist.219
0.634417133544836,-0.099886897068188,inact.220
0.288917892954471,-0.028311227202359,inadur.220
0.153708842526806,-0.0226364186916488,inadist.220
0.0742919218406702,-0.0845802118324248,smlct.220
0.0923753355482793,-0.0686261345780535,smldur.220
1.006504191413,-0.314362917923874,smldist.220
0.510887522967642,-0.233743687581539,larct.220
0.491621051549896,-0.0282671570474751,lardur.220
0.398751622591491,-0.104694282357439,lardist.220
0.519491816167686,-0.0766447999656088,inact.221
0.237937653501461,0.0657816991709262,inadur.221
0.237937653501461,-0.0352550261149941,inadist.221
0.00252379170064824,0.123193630595212,smlct.221
0.0204294020564653,0.0130130352172796,smldur.221
0.594373162661671,-0.112100095405141,smldist.221
0.493929905908159,-0.104894366224889,larct.221
0.514104820972832,-0.00581585941827406,lardur.221
0.279977374638256,0.0659579885047688,lardist.221
0.0151266352578955,0.1264179056703,inact.222
0.306995256351404,0.290915331005748,inadur.222
0.473777688536503,0.25096219413439,inadist.222
0.0141672589258519,-0.00401747633820557,smlct.222
0.0184834056940131,0.0126910781321798,smldur.222
0.393071713638141,0.0972163364378706,smldist.222
0.313222243692343,0.0897552373700898,larct.222
0.282006758350551,0.104062684890912,lardur.222
0.209241348151177,-0.0782912796388379,lardist.222
0.35107473211589,-0.0403383411446285,inact.223
0.0964448801780075,0.0701158586961077,inadur.223
0.0138698175562707,0.0514320591777746,inadist.223
0.25246784195596,0.240449000941613,smlct.223
0.127920130664953,0.117416566022107,smldur.223
0.488182020200309,0.164299984126107,smldist.223
0.328908433212186,0.0822634102546482,larct.223
0.394138719791889,0.0389839891584299,lardur.223
0.274784824804155,0.0513546179396073,lardist.223
0.506010819993042,-0.0674719283098497,inact.224
0.109228026730013,0.0114348300024513,inadur.224
0.210551282736272,-0.0341993210822517,inadist.224
0.138035635270732,-0.0611527141642916,smlct.224
0.35107473211589,-0.0370404474730618,smldur.224
1.05722365483442,-0.111122128929684,smldist.224
0.798453915128644,-0.279690199261359,larct.224
0.520331556266458,-0.0278365566313444,lardur.224
0.363998487412559,-0.0452359342507227,lardist.224
0.269023960092938,-0.00764263382045626,inact.225
0.0035054321920676,0.187195959155837,inadur.225
0.00838085655590267,0.0647014859953103,inadist.225
0.0433293201991005,-0.14715079081735,smlct.225
0.114603253404445,0.0470311876047049,smldur.225
0.91880346271705,-0.0347192792231874,smldist.225
0.545359273711771,-0.10489436622489,larct.225
0.338396368889405,0.0163648481279525,lardur.225
0.2655110067713,-0.138155514060785,lardist.225
0.524791939924618,-0.0939378174439315,inact.226
0.343194829233722,-0.170534629642434,inadur.226
0.288917892954471,-0.0448328228416626,inadist.226
0.263461298494287,-0.0603612826101065,smlct.226
0.498519399420893,-0.107220249599785,smldur.226
1.27860162447849,0.00201652186263693,smldist.226
0.545359273711771,-0.258034534181694,larct.226
0.538519034627564,-0.0696780293476268,lardur.226
0.431108371924692,-0.273837252697006,lardist.226
0.674090022392363,-0.175361265771874,inact.227
0.335049082953412,0.00107169987241588,inadur.227
0.403652858039089,-0.111942622123883,inadist.227
0.313222243692343,-0.0845802118324248,smlct.227
0.198024814422351,-0.102936538225913,smldur.227
1.22018159024889,-0.128467033880013,smldist.227
0.354981964839928,0.23849849594605,larct.227
0.382625911453364,0.102500030790645,lardur.227
0.257387074995345,0.098566914741934,lardist.227
0.419306695296263,-0.0778991852380444,inact.228
0.344284341070852,-0.147015393185212,inadur.228
0.344015974062549,-0.0558032358670871,inadist.228
0.210041958898013,-0.261329725614453,smlct.228
0.319706469082369,-0.0811743586822481,smldur.228
1.07952616638617,-0.120050212547301,smldist.228
0.548741407124073,-0.109783596360979,larct.228
0.492465708831194,-0.00590512839801236,lardur.228
0.437646433260681,0.012519094192815,lardist.228
0.507771327017596,-0.0893435857568736,inact.229
0.0765102110605505,0.169454408823366,inadur.229
0.00821510510454797,0.0290754854967398,inadist.229
0.00271057329857433,0.106996127215907,smlct.229
0.0352430145379373,0.0743418348932422,smldur.229
0.590508656533359,0.00212336732976679,smldist.229
0.387056026280936,0.0858461321051874,larct.229
0.324006391303417,-0.00564518082560955,lardur.229
0.323822701652281,-0.132966261874081,lardist.229
0.514104820972832,-0.0566019291329491,inact.230
0.168865903533986,0.0280536012494894,inadur.230
0.133883828708765,-0.00177989513007416,inadist.230
0.512727827836971,-0.257667037954889,smlct.230
0.156832481014176,-0.0240959109722681,smldur.230
1.05239728535549,-0.0882542296428111,smldist.230
0.516236554384642,-0.0857923992732538,larct.230
0.580963302234258,-0.0696780293476265,lardur.230
0.455710037156442,-0.108770224139306,lardist.230
0.521049033652254,-0.0444846707553059,inact.231
0.063642731845229,-0.0389085234553953,inadur.231
0.2655110067713,0.0198733738698729,inadist.231
0.308243849256492,-0.22444839577144,smlct.231
0.402126605421227,-0.0940349498770191,smldur.231
1.30675836413918,-0.219873204754533,smldist.231
0.527045197410601,-0.233743687581538,larct.231
0.474205551061776,-0.0479883999497511,lardur.231
0.382625911453364,-0.0249632138832874,lardist.231
0.676956460414564,-0.143446200261441,inact.232
0.35107473211589,-0.0475329983856766,inadur.232
0.350207145482794,-0.104513005937878,inadist.232
0.14410041231218,-0.0619651785122038,smlct.232
0.31026251215013,-0.0349019419366449,smldur.232
1.03224072498473,-0.219873204754533,smldist.232
0.514104820972832,-0.043566228006231,larct.232
0.413396959735863,0.083984115438649,lardur.232
0.44017942620816,0.0121851831878695,lardist.232
0.431995592829586,0.0407900661010283,inact.233
0.161873690528314,-0.0313522331784583,inadur.233
0.380333080534653,-0.104513005937878,inadist.233
0.133883828708765,-0.136887682391272,smlct.233
0.147945020659176,-0.0972315265722797,smldur.233
1.30675836413918,-0.179639845292929,smldist.233
0.553682522935353,-0.181368515512984,larct.233
0.431108371924692,0.0619634182255787,lardur.233
0.363632042872386,-0.0266503405589224,lardist.233
1.30675836413918,-0.347610014089083,inact.234
0.491621051549896,-0.21624616289601,inadur.234
0.740117805867581,-0.222377281862199,inadist.234
0.48551450731859,-0.291052635237592,smlct.234
0.571667972284795,-0.18010158873969,smldur.234
1.11199868380228,-0.0235656601964919,smldist.234
0.584707388262762,-0.320002701439081,larct.234
0.460332950751116,-0.0287112890358301,lardur.234
0.33995666780534,-0.00729786188521187,lardist.234
0.509075347803145,-0.171083113071994,inact.235
0.321700454216202,-0.0305137777374453,inadur.235
0.245947179588168,-0.0132959352321607,inadist.235
0.0620862740967998,-0.0729039621911895,smlct.235
0.0480437190696523,0.000809884956117927,smldur.235
0.831321239428774,0.0142956008361523,smldist.235
0.387239121216404,0.0789678239271112,larct.235
0.419306695296263,-0.00609214800535333,lardur.235
0.14375311697369,0.164093002446317,lardist.235
0.460332950751116,-0.0886212307370907,inact.236
0.156682328643974,0.0338620505751713,inadur.236
0.321263427376958,-0.0339452008964119,inadist.236
0.0089187491991842,-0.0756123054772016,smlct.236
0.198024814422351,-0.108120155215843,smldur.236
0.581225363149033,-0.0356271463508849,smldist.236
0.564158933486268,-0.356580282163382,larct.236
0.419275588440234,0.0582986260313477,lardur.236
0.338396368889405,-0.0622914085436292,lardist.236
0.538519034627564,-0.0819214853503869,inact.237
0.224358183324527,-0.00900952452308086,inadur.237
0.313906259830001,0.0090673027499457,inadist.237
0.0957314655225137,0.161715118692956,smlct.237
0.209241348151177,0.0130130352172796,smldur.237
1.11199868380228,-0.0356271463508852,smldist.237
0.527045197410601,-0.10489436622489,larct.237
0.491621051549896,-0.00599718052150981,lardur.237
0.323822701652281,0.0325099637841812,lardist.237
0.694393623929993,-0.138800117922391,inact.238
0.467686245031216,0.00476800296322952,inadur.238
0.674518996491873,-0.115469533121923,inadist.238
0.341013305491141,-0.17481943524615,smlct.238
0.189530949161337,-0.0373675310506164,smldur.238
1.01134718219992,0.0150632350669753,smldist.238
0.546788415823216,-0.10978359636098,larct.238
0.441464617800421,0.0163648481279528,lardur.238
0.225126459377592,0.0120248194066606,lardist.238
0.669260457649143,-0.186978792729449,inact.239
0.363632042872386,-0.195362603757484,inadur.239
0.543848083034369,-0.101309120364472,inadist.239
0.288917892954471,-0.199084734115395,smlct.239
0.288123965443232,0.0242889224446448,smldur.239
1.14644634825908,0.00206856582067543,smldist.239
0.560759285698191,-0.146388493683261,larct.239
0.491621051549896,-0.0696780293476268,lardur.239
0.286004979824982,-0.195554353468942,lardist.239
0.576678956096427,-0.172485752462372,inact.240
0.321263427376958,-0.135947999504025,inadur.240
0.288917892954471,-0.0562242069784372,inadist.240
0.461051173771466,-0.334634843978234,smlct.240
0.4921193814748,-0.158743072211359,smldur.240
1.11677177633557,-0.241513612380204,smldist.240
0.510887522967642,-0.191066878548473,larct.240
0.669260457649143,-0.134735023869761,lardur.240
0.385627504904308,-0.0782912796388374,lardist.240
0.601988655177687,-0.0433701727526715,inact.241
0.433692367115288,-0.0944905308042362,inadur.241
0.446734535958195,-0.0684000615855633,inadist.241
0.14410041231218,-0.00444153440719073,smlct.241
0.00229179677958483,0.100576488612989,smldur.241
0.663473240226204,0.0416335792222907,smldist.241
0.345393281233051,0.0897552373700898,larct.241
0.481448062442233,-0.0291696006428569,lardur.241
0.235736605409873,-0.00750493688167499,lardist.241
0.727501092922183,-0.175002361957967,inact.242
0.571667972284795,-0.173654366742272,inadur.242
0.644985556275866,-0.137163914291478,inadist.242
0.118169588097166,0.0491054737226607,smlct.242
0.0380524780234286,-0.0111046765820585,smldur.242
0.830514107542846,-0.155776149481131,smldist.242
0.547575407259189,-0.233743687581539,larct.242
0.571667972284795,-0.0707238765580923,lardur.242
0.431995592829586,-0.136381303731766,lardist.242
1.17583586682139,-0.19471172803022,inact.243
0.584676144706078,-0.227307710269216,inadur.243
0.535003634722771,-0.138216752596514,inadist.243
0.0370661985098819,-0.0227274746613561,smlct.243
0.108762094437226,-0.0364031637315808,smldur.243
0.727501092922183,-0.190251546198118,smldist.243
0.394998323131134,-0.0397731387270196,larct.243
0.369569315362253,-0.00590512839801236,lardur.243
0.223262505281924,-0.0631007963909464,lardist.243
1.27790619681684,-0.360008415093088,inact.244
1.01134718219992,-0.33675226118739,inadur.244
1.10413737368019,-0.283255933256627,inadist.244
0.35738055972208,-0.197244855316646,smlct.244
0.272853134639679,-0.106335207242773,smldur.244
1.01134718219992,-0.0948106198667216,smldist.244
0.581176890077729,-0.191066878548473,larct.244
0.507771327017596,-0.0479883999497515,lardur.244
0.476708623351896,-0.128152970975077,lardist.244
0.958468458039563,-0.194585974829065,inact.245
0.727619592204838,-0.19566840449595,inadur.245
0.538519034627564,-0.207342351975881,inadist.245
0.306124861304589,-0.235376032357277,smlct.245
0.220876085196562,-0.0596887281001978,smldur.245
0.935848111915228,-0.177464209922127,smldist.245
0.366524640940305,-0.0381139591153708,larct.245
0.535003634722771,-0.0494395758525984,lardur.245
0.303286075968205,-0.0256117646421673,lardist.245
1.35717589001934,-0.448220919219643,inact.246
0.888801241945255,-0.339693167603029,inadur.246
0.727501092922183,-0.185226977746326,inadist.246
0.239494390060714,-0.0242780374209776,smlct.246
0.156682328643974,0.038388280514893,smldur.246
0.524791939924618,0.0550346173197185,smldist.246
0.551235362049727,-0.115151147158236,larct.246
0.519491816167686,-0.051788741673334,lardur.246
0.385142050689417,-0.0273908205950523,lardist.246
0.667659608162468,-0.14881230737218,inact.247
0.604611455966944,-0.171691290400931,inadur.247
0.545359273711771,-0.161541733756601,inadist.247
0.157210200773656,0.142325807888442,smlct.247
0.127968439405019,0.1479635777087,smldur.247
0.669260457649143,0.158800124605783,smldist.247
0.431108371924692,-0.0963159580087127,larct.247
0.524195189094947,-0.138877466359379,lardur.247
0.215115366957388,-0.115619474299179,lardist.247
0.909537743542686,-0.23590420303344,inact.248
0.613268212919597,-0.303447037268513,inadur.248
0.727619592204838,-0.131976810266526,inadist.248
0.271644008497765,-0.356806017411089,smlct.248
0.288123965443232,-0.114015168719099,smldur.248
0.880661615806457,-0.154568504661467,smldist.248
0.4921193814748,-0.10978359636098,larct.248
0.492291086882446,-0.0287112890358304,lardur.248
0.313222243692343,-0.0471084660547363,lardist.248
0.571667972284795,-0.152562535174199,inact.249
0.492465708831194,-0.138742478030473,inadur.249
0.524791939924618,-0.135024675164677,inadist.249
0.059660434202109,0.0315487777891866,smlct.249
0.0267027977992461,-0.0349019419366445,smldur.249
0.909537743542686,-0.121075383306367,smldist.249
0.304395273624305,0.311217042059718,larct.249
0.439277161002119,0.0814435438604362,lardur.249
0.313222243692343,0.161957014319571,lardist.249
1.00874944115042,-0.13423438786663,inact.250
0.428798022291145,-0.123169273458733,inadur.250
0.676956460414564,-0.156059402931094,inadist.250
0.282006758350551,-0.17229186691405,smlct.250
0.212819433074556,-0.0554992085175833,smldur.250
0.85412321945281,-0.13171725715518,smldist.250
0.625931639795445,-0.305328606733543,larct.250
0.539556133074916,-0.0740587181992995,lardur.250
0.507771327017596,-0.10760570309005,lardist.250
0.649250460503502,-0.102360132170278,inact.251
0.266903308571882,-0.150028905783152,inadur.251
0.345948269573366,-0.0347191498610922,inadist.251
0.0204294020564653,0.0315487777891863,smlct.251
0.0219478243745462,-0.0108365686079903,smldur.251
1.3197599359225,-0.162953535362793,smldist.251
0.156682328643974,0.466620818937702,larct.251
0.312044837167657,0.150393494762916,lardur.251
0.181728503852135,0.225783402233615,lardist.251
0.489742031761473,-0.00725813541423204,inact.252
0.233775460778468,0.088544759504927,inadur.252
0.283427481335112,-0.0711351432491005,inadist.252
0.0993686215745598,-0.00397009544663732,smlct.252
0.118273465495193,0.023338290977985,smldur.252
0.746065845668956,-0.0335784023362472,smldist.252
0.621554903389796,-0.152260708673645,larct.252
0.500159418881732,0.0383855453410231,lardur.252
0.441464617800421,0.0121851831878695,lardist.252
1.10413737368019,-0.22932093748674,inact.253
0.580963302234258,-0.298063350922782,inadur.253
0.560759285698191,-0.102886116287921,inadist.253
0.0419539317736031,-0.00432734301746866,smlct.253
0.286789556549371,-0.0349019419366452,smldur.253
1.30675836413918,-0.0756713632574902,smldist.253
0.540918722918295,-0.104894366224891,larct.253
0.527045197410601,-0.0707238765580925,lardur.253
0.464937113367517,-0.123389846409853,lardist.253
1.07855000395698,-0.354201924426032,inact.254
0.625931639795445,-0.15245962491427,inadur.254
0.701084574228058,-0.194301709842345,inadist.254
0.0773976039774593,-0.0775325270492568,smlct.254
0.323640206288496,-0.0964121722912612,smldur.254
0.77768978721694,-0.0365837702051701,smldist.254
0.381702110301732,0.022535124362827,larct.254
0.275778043189536,0.104062684890913,lardur.254
0.159156803498277,0.164093002446317,lardist.254
0.556107641599074,-0.0798597065829797,inact.255
0.525714430023184,-0.244534782827323,inadur.255
0.369569315362253,-0.0465695896319167,inadist.255
0.286789556549371,-0.133385746141302,smlct.255
0.341013305491141,-0.06019361045313,smldur.255
1.32852767200201,-0.111122128929684,smldist.255
0.500159418881732,0.0246340098722195,larct.255
0.324006391303417,0.150393494762915,lardur.255
0.25246784195596,0.149995407287711,lardist.255
1.05722365483442,-0.176375517434067,inact.256
0.546788415823216,-0.119908837155944,inadur.256
0.150293942757128,0.0627708019429605,inadist.256
0.0400803576689847,-0.0371258570195287,smlct.256
0.030488080110619,-0.0107500532695063,smldur.256
0.527045197410601,0.0487814241411394,smldist.256
0.457447819254674,-0.191066878548472,larct.256
0.527045197410601,-0.0472942994878152,lardur.256
0.372286682740476,0.0112824060659711,lardist.256
0.755398657845359,-0.286547215391787,inact.257
0.372286682740476,-0.104105769423247,inadur.257
0.492824004784886,-0.0892240569453967,inadist.257
0.382785139496175,-0.311966697021864,smlct.257
0.431108371924692,-0.172204222170377,smldur.257
1.30675836413918,-0.203153237448385,smldist.257
0.624685027532697,-0.26842504266493,larct.257
0.431108371924692,-0.0059051283980122,lardur.257
0.282006758350551,0.0651382069821739,lardist.257
0.538519034627564,-0.127242978956762,inact.258
0.161687721792892,-0.0591389087816643,inadur.258
0.202506806171491,-0.067364037850599,inadist.258
0.00479561629396423,0.0585712783061771,smlct.258
0.0454080983600901,-0.0103374024959137,smldur.258
0.519677416092225,-0.0201538590315385,smldist.258
0.677272461226913,-0.343710425145214,larct.258
0.396416870026141,-0.00572924924165319,lardur.258
0.360151447782638,-0.0440681531579191,lardist.258
0.672679483454546,-0.147602905675888,inact.259
0.33995666780534,-0.178067238851622,inadur.259
0.248212904355356,-0.0774134084994485,inadist.259
0.0443632855690699,-0.00379124433213256,smlct.259
0.320828947935765,-0.0925142312672787,smldur.259
0.736902157384737,-0.152224617241547,smldist.259
0.644985556275866,-0.475792294093014,larct.259
0.677272461226913,-0.128965165375334,lardur.259
0.541751483107511,-0.238659710947213,lardist.259
0.507771327017596,-0.133165496011719,inact.260
0.22947105369295,-0.0672147381854958,inadur.260
0.282898142374342,-0.0975704037807943,inadist.260
0.242658625469605,-0.0389197804334869,smlct.260
0.0184834056940131,0.0242889224446448,smldur.260
0.755398657845359,-0.0587334846412923,smldist.260
0.44017942620816,0.085846132105187,larct.260
0.362679910145091,0.0610046863715,lardur.260
0.368483807718859,-0.0857532623610253,lardist.260
0.282371213964477,-0.0409748688369353,inact.261
0.000499847052114512,0.10363196549742,inadur.261
0.00821510510454797,0.0623060039473761,inadist.261
0.0370661985098819,-0.0896004925761622,smlct.261
0.133232226852115,-0.0587039562669828,smldur.261
1.04120986280995,-0.160131833493856,smldist.261
0.402394350098288,0.0822634102546482,larct.261
0.621554903389796,-0.0282671570474754,lardur.261
0.387056026280936,-0.00710190724007246,lardist.261
0.389506841135175,-0.105159431106075,inact.262
0.188424994129407,-0.139019986180003,inadur.262
0.432839571644504,-0.0339452008964116,inadist.262
0.329919560937361,-0.295992974500232,smlct.262
0.336090036968769,-0.130170950578332,smldur.262
1.32852767200201,-0.282181780086778,smldist.262
0.495052847942134,-0.131209372208851,larct.262
0.253945942409105,0.0591735673344701,lardur.262
0.247188334705819,-0.0615025247178483,lardist.262
0.255409961816561,-0.096020244848622,inact.263
0.00252379170064824,0.0708788608247127,inadur.263
0.156682328643974,0.0818596362361206,inadist.263
0.192763776248835,0.115877899084416,smlct.263
0.140116862279748,0.0233382909779853,smldur.263
0.576693878510636,-0.0341393114605783,smldist.263
0.282371213964477,0.39370909648912,larct.263
0.509075347803145,-0.00599718052150981,lardur.263
0.288917892954471,0.0117164300181741,lardist.263
0.396416870026141,-0.0858449915557459,inact.264
0.0552437970554547,-0.0523417527795473,inadur.264
0.452354818765211,-0.171583144663858,inadist.264
0.00150687139131178,0.0993282115738542,smlct.264
0.0750888814722482,0.0940701851944232,smldur.264
0.492465708831194,0.20633217499606,smldist.264
0.545359273711771,-0.268425042664931,larct.264
0.492465708831194,-0.0930859052075554,lardur.264
0.422907367913213,-0.29438814081746,lardist.264
0.190266184547847,0.0906283883316679,inact.265
0.0288944294377297,0.00726319009997882,inadur.265
0.119650053004786,-0.0124133968894848,inadist.265
0.0400803576689847,0.0806488731538286,smlct.265
0.0113019811951734,0.0459266104985527,smldur.265
0.492465708831194,0.0019510713783974,smldist.265
0.381702110301732,0.0192541303794469,larct.265
0.562039230787782,-0.0903522980072276,lardur.265
0.428798022291145,-0.235735660992641,lardist.265
0.527045197410601,-0.154932273079875,inact.266
0.115178899319144,-0.0492604023095046,inadur.266
0.30268045171874,-0.146015870450501,inadist.266
0.0906577803994334,0.123489667905003,smlct.266
0.12301962397638,0.0664396065629068,smldur.266
0.312435119381689,0.141394861025319,smldist.266
0.282898142374342,0.338548744623161,larct.266
0.255213079397975,0.125119171821122,lardur.266
0.139438533438533,0.129434725418031,lardist.266
0.387056026280936,-0.0290196435138349,inact.267
0.0104217552629715,0.0951632524698745,inadur.267
0.193016665740203,0.117727989812898,inadist.267
0.0742919218406702,0.193654922968823,smlct.267
0.323822701652281,0.139648134411505,smldur.267
0.52446666105997,-0.0102111025318103,smldist.267
0.340207140913335,0.078967823927109,larct.267
0.405205560283369,0.100983632347761,lardur.267
0.167449150495992,0.182902947789645,lardist.267
0.539556133074916,-0.156166620254287,inact.268
0.0190332714962087,-0.00208072890644963,inadur.268
0.489170113114165,-0.169092349658089,inadist.268
0.0141672589258519,0.0473574453172728,smlct.268
0.0667046854813145,0.196876453217481,smldur.268
0.32039699346891,0.208940771102364,smldist.268
0.457447819254674,-0.0381139591153712,larct.268
0.38868362830859,-0.00581585941827406,lardur.268
0.22947105369295,-0.00665516339778631,lardist.268
0.663983099656191,-0.195977947493112,inact.269
0.431108371924692,-0.165750256709991,inadur.269
0.30268045171874,-0.0451697341076762,inadist.269
0.173571000193788,-0.0358853202326695,smlct.269
0.10579723762388,0.111124354617674,smldur.269
0.461051173771466,0.225746681080268,smldist.269
0.504276566310074,-0.0351789256311635,larct.269
0.382625911453364,0.0163648481279532,lardur.269
0.265050876131256,0.0121851831878695,lardist.269
0.212003261112663,0.01527115724983,inact.270
0.0649893574169363,0.045260774232695,inadur.270
0.0548782781477604,-0.00168038442297673,inadist.270
0.0492826274627916,0.172236783082937,smlct.270
0.0184834056940131,0.0827362517727234,smldur.270
0.492824004784886,0.136930905707873,smldist.270
0.457447819254674,-0.0326636242271624,larct.270
0.405205560283369,-0.00572924924165255,lardur.270
0.244490736912376,-0.0249632138832877,lardist.270
0.308243849256492,0.0273155591147513,inact.271
0.135919066070282,-0.0863251827882177,inadur.271
0.117392161287941,0.0499579755393464,inadist.271
0.228907017427636,-0.0836429345240011,smlct.271
0.465292112827546,-0.0337872695865369,smldur.271
1.32852767200201,-0.0445169723728496,smldist.271
0.676956460414564,-0.347890437139811,larct.271
0.571667972284795,-0.13887746635938,lardur.271
0.543848083034369,-0.355526547270559,lardist.271
0.676956460414564,-0.0990888428735445,inact.272
0.163045037015592,0.0760886082605303,inadur.272
0.203484584617341,-0.0226364186916485,inadist.272
0.103588319197837,0.0427880652520003,smlct.272
0.0450592677705648,0.0897174880414921,smldur.272
0.539556133074916,0.0710511629045773,smldist.272
0.416482984283421,0.0199814262347947,larct.272
0.34904356652888,-0.00564518082560971,lardur.272
0.209534231537785,-0.0754766239288261,lardist.272
0.480542556640217,-0.139658288273476,inact.273
0.300384130617331,0.0342251232134594,inadur.273
0.340207140913335,-0.032965396801149,inadist.273
0.0370661985098819,0.126274756931194,smlct.273
0.005034496332226,0.000752831695770359,smldur.273
0.571667972284795,-0.0568188967992062,smldist.273
0.202506806171491,0.180296497052709,larct.273
0.341824066693106,-0.00540715441681452,lardur.273
0.115467765099906,0.095105289144154,lardist.273
0.551235362049727,-0.0945561558106939,inact.274
0.15464566344133,-0.0686897741381461,inadur.274
0.306995256351404,-0.0219991599166916,inadist.274
0.1862609881999,0.0442099535444318,smlct.274
0.0494626457253755,0.118374129586085,smldur.274
0.69398295226504,0.0829100131221017,smldist.274
0.491621051549896,0.0246340098722189,larct.274
0.412390749704419,0.0389839891584299,lardur.274
0.316876308444004,0.110649903054914,lardist.274
0.571667972284795,-0.042657691201725,inact.275
0.368095623571955,-0.114297168698299,inadur.275
0.34904356652888,-0.0644361179474769,inadist.275
0.128283369011151,0.22931941463231,smlct.275
0.00584283682985006,0.0933156311031877,smldur.275
0.600889242107529,0.140264079334874,smldist.275
0.422907367913213,0.229780301303119,larct.275
0.514104820972832,-0.0055635438980042,lardur.275
0.338396368889405,0.0481031070401494,lardist.275
0.880661615806457,-0.219905531046502,inact.276
0.394138719791889,-0.126583918726447,inadur.276
0.509075347803145,-0.0997797567069971,inadist.276
0.0419539317736031,0.0473574453172728,smlct.276
0.0765501140124078,-0.0108365686079903,smldur.276
0.935848111915228,-0.142097061141719,smldist.276
0.327703165631616,0.152063500459936,larct.276
0.442013097062139,0.0168872810617959,lardur.276
0.128283369011151,0.109162953127117,lardist.276
0.539556133074916,-0.0304323307047548,inact.277
0.6110400843941,-0.188969174744745,inadur.277
0.639811826964125,-0.102091526230493,inadist.277
0.27068887843463,-0.0896004925761625,smlct.277
0.159518914016746,-0.0811743586822484,smldur.277
1.11677177633557,-0.191851773577832,smldist.277
0.727619592204838,-0.276580809224227,larct.277
0.442013097062139,-0.00572924924165303,lardur.277
0.358007138272855,-0.00657247539864844,lardist.277
0.598916115799676,-0.152521259395079,inact.278
0.538519034627564,-0.183775975474871,inadur.278
0.457447819254674,-0.104744488339301,inadist.278
0.266903308571882,-0.0875225021791715,smlct.278
0.100339846075433,0.0350434052593471,smldur.278
1.04814372998104,-0.0717970685303142,smldist.278
0.673780912010463,-0.165543449703088,larct.278
0.540918722918295,-0.00581585941827438,lardur.278
0.481448062442233,-0.150106949477734,lardist.278
1.1322379753498,-0.223577177627479,inact.279
0.672679483454546,-0.165067855252503,inadur.279
0.739479159340348,-0.180911011234871,inadist.279
0.00821510510454797,0.0592095491850913,smlct.279
0.0600334853248941,-0.0546468551239501,smldur.279
0.480542556640217,0.0468791181354392,smldist.279
0.254822055833662,0.0192541303794475,larct.279
0.519491816167686,-0.068662668609353,lardur.279
0.275778043189536,-0.10625258308185,lardist.279
0.746091057969442,-0.212913149464929,inact.280
0.527045197410601,-0.178067238851622,inadur.280
0.556107641599074,-0.0878924365042646,inadist.280
0.0765901206938747,0.0274685416139576,smlct.280
0.0546792193010489,0.0748388403859249,smldur.280
0.632776322605642,-0.050629905055796,smldist.280
0.805705874306185,-0.3335462701628,larct.280
0.571667972284795,-0.0479883999497515,lardur.280
0.52825707385434,-0.148261554712645,lardist.280
0.489170113114165,-0.122157702768002,inact.281
0.396416870026141,-0.107887818696277,inadur.281
0.413396959735863,-0.10782595692508,inadist.281
0.313222243692343,0.211376965020237,smlct.281
0.281007694244373,0.143094529049128,smldur.281
0.313222243692343,0.132425335698974,smldist.281
0.26459270886243,0.173835550638186,larct.281
0.542718932951552,-0.132755175962488,lardur.281
0.184964188985955,-0.23745057567503,lardist.281
0.635750222579332,-0.117463489202814,inact.282
0.488182020200309,-0.218665264051447,inadur.282
0.501354213093096,-0.101131884447934,inadist.282
0.0546792193010489,0.0432517546681335,smlct.282
0.320828947935765,-0.0216629653318718,smldur.282
1.24412514432751,-0.159515143646247,smldist.282
0.674518996491873,-0.223745448596429,larct.282
0.677272461226913,-0.0959901464326319,lardur.282
0.515741700455817,-0.0464672966369492,lardist.282
0.491621051549896,-0.13642452909905,inact.283
0.225126459377592,-0.112302389269406,inadur.283
0.4921193814748,-0.1615417337566,inadist.283
0.311151723501228,-0.0855387391042427,smlct.283
0.540918722918295,-0.115859696279856,smldur.283
1.14644634825908,-0.128467033880013,smldist.283
0.968809125945342,-0.370456924680799,larct.283
0.727501092922183,-0.0916987265606974,lardur.283
0.580963302234258,0.047501599989018,lardist.283
0.540918722918295,-0.0791953232325865,inact.284
0.341013305491141,-0.0427055506084144,inadur.284
0.222934215019969,0.0299270020604294,inadist.284
0.210041958898013,-0.156876985634078,smlct.284
0.205599866583066,-0.0964121722912608,smldur.284
1.14644634825908,-0.26490611597646,smldist.284
0.405205560283369,0.195692454025001,larct.284
0.489170113114165,-0.0287112890358304,lardur.284
0.313906259830001,0.0121851831878695,lardist.284
0.623120348734277,-0.16312453469046,inact.285
0.139777258348185,-0.070706968929932,inadur.285
0.457447819254674,-0.11888042979584,inadist.285
0.0370661985098819,0.0717137616393041,smlct.285
0.0141672589258519,0.0498274660860784,smldur.285
1.01134718219992,-0.0492773478694373,smldist.285
0.55546428422584,-0.233743687581539,larct.285
0.433692367115288,-0.0282671570474754,lardur.285
0.32039699346891,-0.0656603036511849,lardist.285
0.461051173771466,-0.129055012978094,inact.286
0.202506806171491,-0.0148585327737773,inadur.286
0.119650053004786,-0.0121446895031882,inadist.286
0.385627504904308,0.20208428959895,smlct.286
0.226789581995026,0.114634672962364,smldur.286
0.36143977409645,0.0612376330288903,smldist.286
0.0782503133522942,0.478159759771767,larct.286
0.337407111154401,0.058298626031348,lardur.286
0.0944212126043617,0.0973853656373303,lardist.286
0.40745202306367,-0.113804532689108,inact.287
0.133232226852115,-0.0873094722900166,inadur.287
0.0089187491991842,0.0623060039473764,inadist.287
0.247188334705819,-0.245657737401359,smlct.287
0.26459270886243,-0.102120562098882,smldur.287
1.04120986280995,-0.144504593431171,smldist.287
0.921584030770487,-0.623794929781553,larct.287
0.523772409723538,-0.0509812655617959,lardur.287
0.4921193814748,-0.0857532623610251,lardist.287
0.372286682740476,0.0273155591147517,inact.288
0.0568892524678762,0.0961407231703736,inadur.288
0.148062535455438,-0.0329653968011495,inadist.288
0.02208973327867,-0.0929093881572144,smlct.288
0.173986352616025,-0.0709002289446051,smldur.288
0.972268258912509,-0.0859453364679206,smldist.288
0.464937113367517,-0.223745448596429,larct.288
0.387056026280936,-0.00572924924165303,lardur.288
0.215424157872563,0.0846535525571833,lardist.288
0.109973747624651,-0.0423101579722611,inact.289
0.0934873693286046,0.121999093217155,inadur.289
0.134734080129901,-0.0455117478026737,inadist.289
0.119161234875735,-0.130919546652129,smlct.289
0.318758762624413,-0.142270093168152,smldur.289
0.935506185284762,-0.252606395356312,smldist.289
0.431995592829586,0.0731102012808864,larct.289
0.491621051549896,0.0574491848931742,lardur.289
0.257387074995345,0.0651382069821736,lardist.289
0.369569315362253,-0.08862123073709,inact.290
0.0370661985098819,0.104247731113763,inadur.290
0.115178899319144,0.0310642034856741,inadist.290
0.158573745609333,-0.141873654032064,smlct.290
0.198024814422351,-0.0466099248612272,smldur.290
0.77768978721694,-0.0940215449836195,smldist.290
0.282006758350551,0.129054951945818,larct.290
0.398751622591491,-0.069678029347627,lardur.290
0.282898142374342,-0.0585371963307977,lardist.290
0.0839618432309044,0.146629284599432,inact.291
0.00962464834428147,0.0561508048820891,inadur.291
0.348193426209086,-0.070015270782591,inadist.291
0.382625911453364,0.262791984701802,smlct.291
0.419275588440234,0.223617238041211,smldur.291
0.512727827836971,0.0893611350395599,smldist.291
0.242498023302233,0.194777259271266,larct.291
0.525273957819883,-0.0707238765580934,lardur.291
0.301579135262513,0.0835945954979254,lardist.291
0.122523107517241,0.153255202945946,inact.292
0.092622404964678,-0.06632372520542,inadur.292
0.663473240226204,-0.239036772601386,inadist.292
0.202231449552132,0.0134409820591745,smlct.292
0.240911755665853,-0.0234871818520039,smldur.292
1.11677177633557,-0.149573212143128,smldist.292
0.465292112827546,0.0192541303794479,larct.292
0.350207145482794,0.0995114649143288,lardur.292
0.387239121216404,-0.125133264612677,lardist.292
0.0473377026687875,0.137968492532515,inact.293
0.00821510510454797,0.0954316953090585,inadur.293
0.212819433074556,-0.04260819591907,inadist.293
0.0365711308167569,0.032349664160922,smlct.293
0.0761086500799499,0.0525031693393583,smldur.293
0.800678900225844,0.00220111820393474,smldist.293
0.484984888116473,0.0258372331145135,larct.293
0.539556133074916,-0.112372995220298,lardur.293
0.467686245031216,-0.271202281790253,lardist.293
0.112042750007168,-0.0796103006827613,inact.294
0.0994423495234515,0.191539638147307,inadur.294
0.0443632855690699,0.0618480397688894,inadist.294
0.192052273978302,-0.183803074095493,smlct.294
0.249245246553357,-0.0917721748050936,smldur.294
1.01134718219992,-0.262690717738986,smldist.294
0.156159460022227,0.396474050000147,larct.294
0.312435119381689,0.181135399054237,lardur.294
0.191385906417457,0.214856859000179,lardist.294
0.403652858039089,-0.0306812604302435,inact.295
0.0635977437191014,0.0104784631721357,inadur.295
0.431108371924692,-0.130991224859104,inadist.295
0.0501755803607018,-0.0216226977534732,smlct.295
0.101428071772764,-0.0349019419366445,smldur.295
0.909537743542686,0.0262155012693906,smldist.295
0.77768978721694,-0.525249181799865,larct.295
0.572616964736535,-0.0707238765580925,lardur.295
0.493929905908159,-0.1908344288539,lardist.295
0.198767096868713,-0.00708003823999968,inact.296
0.0293670743725058,0.0140719168083949,inadur.296
0.0288944294377297,0.0518142747589156,inadist.296
0.114603253404445,-0.0756123054772018,smlct.296
0.327703165631616,-0.119733888058318,smldur.296
1.1322379753498,-0.098104018921006,smldist.296
0.480542556640217,-0.100422222205218,larct.296
0.539556133074916,0.0161155688150574,lardur.296
0.363998487412559,0.0676610645525044,lardist.296
0.189530949161337,0.0271017459430164,inact.297
0.0769935058783588,0.0106186906969956,inadur.297
0.190721197171807,-0.0125056280170733,inadist.297
0.0290453677327116,-0.0896004925761627,smlct.297
0.0303351474400184,-0.0337872695865369,smldur.297
0.909537743542686,-0.264823584120161,smldist.297
0.35107473211589,0.14557441799701,larct.297
0.538519034627564,-0.0270135499471466,lardur.297
0.363632042872386,-0.202821859353948,lardist.297
0.312044837167657,-0.029245912021653,inact.298
0.0602292828991367,0.186202412904627,inadur.298
0.0370661985098819,0.0940198296659866,inadist.298
0.00150687139131178,0.0287060661895995,smlct.298
0.0255848782177972,0.000777164234484182,smldur.298
0.446526789251577,-0.115174324569852,smldist.298
0.313906259830001,0.082263410254647,larct.298
0.524791939924618,-0.11406075521016,lardur.298
0.345393281233051,-0.136381303731766,lardist.298
0.62143337013923,-0.16312453469046,inact.299
0.168865903533986,-0.0755889923710298,inadur.299
0.467686245031216,-0.114567122274815,inadist.299
0.290827978310932,-0.0206203495054158,smlct.299
0.431108371924692,-0.125009372970432,smldur.299
1.14644634825908,-0.13171725715518,smldist.299
0.584897436175238,-0.343710425145216,larct.299
0.372286682740476,0.0600751747388989,lardur.299
0.33995666780534,-0.0639314983031369,lardist.299
0.266903308571882,-0.0952825744079386,inact.300
0.183236881405691,-0.026460917117276,inadur.300
0.280730855086958,-0.0537895375468931,inadist.300
0.0957992848274134,0.0619081040886858,smlct.300
0.0957992848274134,0.0231570250249151,smldur.300
0.727501092922183,0.0487814241411394,smldist.300
0.514104820972832,0.07896782392711,larct.300
0.492465708831194,-0.0270135499471468,lardur.300
0.354981964839928,0.0117164300181741,lardist.300
